-- phpMyAdmin SQL Dump
-- version 4.0.10deb1
-- http://www.phpmyadmin.net
--
-- 主机: localhost
-- 生成日期: 2016-09-07 00:11:39
-- 服务器版本: 5.5.50-0ubuntu0.14.04.1
-- PHP 版本: 5.5.9-1ubuntu4.19

SET SQL_MODE = "NO_AUTO_VALUE_ON_ZERO";
SET time_zone = "+00:00";


/*!40101 SET @OLD_CHARACTER_SET_CLIENT=@@CHARACTER_SET_CLIENT */;
/*!40101 SET @OLD_CHARACTER_SET_RESULTS=@@CHARACTER_SET_RESULTS */;
/*!40101 SET @OLD_COLLATION_CONNECTION=@@COLLATION_CONNECTION */;
/*!40101 SET NAMES utf8 */;

--
-- 数据库: `alumnuscircle`
--

-- --------------------------------------------------------

--
-- 表的结构 `ac_circle_table`
--

CREATE TABLE IF NOT EXISTS `ac_circle_table` (
  `cid` int(11) NOT NULL AUTO_INCREMENT,
  `umeng_cid` varchar(32) NOT NULL,
  `umeng_virtual_cid` varchar(32) NOT NULL,
  `circle_type_id` varchar(32) NOT NULL,
  `icon_url` varchar(255) NOT NULL,
  PRIMARY KEY (`cid`),
  KEY `umeng_cid` (`umeng_cid`)
) ENGINE=InnoDB  DEFAULT CHARSET=utf8 AUTO_INCREMENT=17 ;

--
-- 转存表中的数据 `ac_circle_table`
--

INSERT INTO `ac_circle_table` (`cid`, `umeng_cid`, `umeng_virtual_cid`, `circle_type_id`, `icon_url`) VALUES
(6, '57c3e00ab9a9963e49b994a2', '57c3e00ab9a99622684afc1f', '1', ''),
(9, '57c3e00ab9a9963e49b994a2', '57c3e00ab9a99622684afc1f', '1', ''),
(10, '57c3ea89b9a9964bf8c59e3c', '57c3ea89d36ef34b91cfdea2', '1', ''),
(11, '57c3ea9ab9a9964bf8c59e40', '57c3ea9ab9a99666179c6c3a', '1', ''),
(12, '57c69c35d36ef3151eb80a92', '57c69c35b9a9964ef66ecc1f', '1', ''),
(13, '57c69cb1b9a99673549eb1a0', '57c69cb1d36ef3151eb80b0b', '1', ''),
(14, '57c69cbbb9a99622684b2d23', '57c69cbab9a9965edeffa3e7', '1', ''),
(15, '57c69d68d36ef3151eb80bac', '57c69d67d36ef3151eb80ba9', '1', ''),
(16, '57ce894fd36ef3c9e5155ab1', '57ce894fd36ef3844fc9cba7', '1', 'default');

-- --------------------------------------------------------

--
-- 表的结构 `ac_manual_review_table`
--

CREATE TABLE IF NOT EXISTS `ac_manual_review_table` (
  `review_id` int(11) NOT NULL AUTO_INCREMENT COMMENT '请求id',
  `result` tinyint(1) NOT NULL DEFAULT '0' COMMENT '请求结果:0为处理,1接受.2拒绝',
  `circle_name` varchar(30) NOT NULL COMMENT '圈子名字',
  `circle_type_id` char(32) NOT NULL COMMENT '圈子类型的umengid',
  `circle_type_name` varchar(20) NOT NULL,
  `circle_icon_url` varchar(255) NOT NULL COMMENT '圈子的头像的url',
  `creator_uid` char(32) NOT NULL COMMENT '圈子的创建人的uid',
  `reason_message` varchar(340) NOT NULL COMMENT '创建的理由',
  `description` varchar(300) DEFAULT NULL,
  PRIMARY KEY (`review_id`)
) ENGINE=InnoDB  DEFAULT CHARSET=utf8 AUTO_INCREMENT=112 ;

--
-- 转存表中的数据 `ac_manual_review_table`
--

INSERT INTO `ac_manual_review_table` (`review_id`, `result`, `circle_name`, `circle_type_id`, `circle_type_name`, `circle_icon_url`, `creator_uid`, `reason_message`, `description`) VALUES
(1, 1, 'new circle 905', '1', '学院圈', 'default', '123', 'I love you!', 'the circle will be beautiful!'),
(81, 0, 'new circle 743', '1', '学院圈', 'default', '123', 'I love you!', 'the circle will be beautiful!'),
(82, 1, 'new circle 585', '1', '学院圈', 'default', '123', 'I love you!', 'the circle will be beautiful!'),
(83, 1, 'new circle 961', '1', '学院圈', 'default', '123', 'I love you!', 'the circle will be beautiful!'),
(84, 1, 'new circle 361', '1', '学院圈', 'default', '123', 'I love you!', 'the circle will be beautiful!'),
(85, 1, 'new circle 459', '1', '学院圈', 'default', '123', 'I love you!', 'the circle will be beautiful!'),
(86, 0, 'new circle 442', '1', '学院圈', 'default', '123', 'I love you!', 'the circle will be beautiful!'),
(87, 1, 'new circle 661', '1', '学院圈', 'default', '123', 'I love you!', 'the circle will be beautiful!'),
(88, 1, 'new circle 438', '1', '学院圈', 'default', '123', 'I love you!', 'the circle will be beautiful!'),
(89, 1, 'new circle 700', '1', '学院圈', 'default', '123', 'I love you!', 'the circle will be beautiful!'),
(90, 1, 'new circle 397', '1', '学院圈', 'default', '123', 'I love you!', 'the circle will be beautiful!'),
(91, 1, 'new circle 983', '1', '学院圈', 'default', '123', 'I love you!', 'the circle will be beautiful!'),
(92, 0, 'new circle 590', '1', '学院圈', 'default', '123', 'I love you!', 'the circle will be beautiful!'),
(93, 0, 'new circle 399', '1', '学院圈', 'default', '123', 'I love you!', 'the circle will be beautiful!'),
(94, 0, 'new circle 108', '1', '学院圈', 'default', '123', 'I love you!', 'the circle will be beautiful!'),
(95, 0, 'new circle 582', '1', '学院圈', 'default', '123', 'I love you!', 'the circle will be beautiful!'),
(96, 0, 'new circle 68', '1', '学院圈', 'default', '123', 'I love you!', 'the circle will be beautiful!'),
(97, 0, 'new circle 734', '1', '学院圈', 'default', '123', 'I love you!', 'the circle will be beautiful!'),
(98, 0, 'new circle 342', '1', '学院圈', 'default', '123', 'I love you!', 'the circle will be beautiful!'),
(99, 0, 'new circle 750', '1', '学院圈', 'default', '123', 'I love you!', 'the circle will be beautiful!'),
(100, 0, 'new circle 8', '1', '学院圈', 'default', '123', 'I love you!', 'the circle will be beautiful!'),
(101, 0, 'new circle 800', '1', '学院圈', 'default', '123', 'I love you!', 'the circle will be beautiful!'),
(102, 0, 'new circle 889', '1', '学院圈', 'default', '123', 'I love you!', 'the circle will be beautiful!'),
(103, 0, 'new circle 211', '1', '学院圈', 'default', '123', 'I love you!', 'the circle will be beautiful!'),
(104, 0, 'new circle 633', '1', '学院圈', 'default', '123', 'I love you!', 'the circle will be beautiful!'),
(105, 0, 'new circle 755', '1', '学院圈', 'default', '123', 'I love you!', 'the circle will be beautiful!'),
(106, 0, 'new circle 951', '1', '学院圈', 'default', '123', 'I love you!', 'the circle will be beautiful!'),
(107, 0, 'new circle 494', '1', '学院圈', 'default', '123', 'I love you!', 'the circle will be beautiful!'),
(108, 0, 'new circle 166', '1', '学院圈', 'default', '123', 'I love you!', 'the circle will be beautiful!'),
(109, 0, 'new circle 16', '1', '学院圈', 'default', '123', 'I love you!', 'the circle will be beautiful!'),
(110, 0, 'new circle 178', '1', '学院圈', 'default', '123', 'I love you!', 'the circle will be beautiful!'),
(111, 0, 'new circle 767', '1', '学院圈', 'default', '123', 'I love you!', 'the circle will be beautiful!');

-- --------------------------------------------------------

--
-- 表的结构 `ac_message_circle_table`
--

CREATE TABLE IF NOT EXISTS `ac_message_circle_table` (
  `mc_id` int(11) NOT NULL AUTO_INCREMENT,
  `umeng_circle_id` varchar(32) NOT NULL,
  `cid` varchar(32) NOT NULL,
  `message_queue` varchar(510) NOT NULL DEFAULT '_',
  `update_time` timestamp NOT NULL DEFAULT CURRENT_TIMESTAMP ON UPDATE CURRENT_TIMESTAMP,
  PRIMARY KEY (`mc_id`),
  KEY `umeng_circle_id` (`cid`),
  KEY `umeng_circle_id_2` (`umeng_circle_id`)
) ENGINE=InnoDB  DEFAULT CHARSET=utf8 AUTO_INCREMENT=10 ;

--
-- 转存表中的数据 `ac_message_circle_table`
--

INSERT INTO `ac_message_circle_table` (`mc_id`, `umeng_circle_id`, `cid`, `message_queue`, `update_time`) VALUES
(2, '57c3e00ab9a9963e49b994a2', '9', '_', '2016-08-30 07:46:17'),
(3, '57c3ea89b9a9964bf8c59e3c', '10', '_', '2016-08-30 07:46:17'),
(4, '57c3ea9ab9a9964bf8c59e40', '11', '_', '2016-08-30 07:46:17'),
(5, '57c69c35d36ef3151eb80a92', '12', '_', '2016-08-30 07:46:17'),
(6, '57c69cb1b9a99673549eb1a0', '13', '_', '2016-08-30 07:46:17'),
(7, '57c69cbbb9a99622684b2d23', '14', '_172_174_176_178_182_184_186_188_190_192_194_196_198_200_202_204_206_208_210_212_214_216_218_220_222_224_226_228_230_232_234_236_238_240_242_244_246_248_250_252_254_256_258_260_262_264_266_268_270_272_274_276_278_280_282_284_286_288_290_292_294_', '2016-09-01 08:46:26'),
(8, '57c69d68d36ef3151eb80bac', '15', '_95_98_101_104_107_110_113_116_119_122_125_128_131_134_137_140_143_', '2016-08-30 07:46:17'),
(9, '57ce894fd36ef3c9e5155ab1', '16', '_', '2016-09-06 09:15:59');

-- --------------------------------------------------------

--
-- 表的结构 `ac_message_table`
--

CREATE TABLE IF NOT EXISTS `ac_message_table` (
  `mid` int(11) NOT NULL AUTO_INCREMENT COMMENT '消息id',
  `type` tinyint(4) NOT NULL COMMENT '消息类型的说明字段',
  `message` varchar(1022) NOT NULL COMMENT '消息字段,是一个json数组',
  `update_time` timestamp NOT NULL DEFAULT CURRENT_TIMESTAMP,
  `finished` tinyint(1) NOT NULL DEFAULT '0' COMMENT '标记该消息是否已经被处理',
  PRIMARY KEY (`mid`)
) ENGINE=InnoDB  DEFAULT CHARSET=utf8 AUTO_INCREMENT=295 ;

--
-- 转存表中的数据 `ac_message_table`
--

INSERT INTO `ac_message_table` (`mid`, `type`, `message`, `update_time`, `finished`) VALUES
(1, 1, '{test}', '0000-00-00 00:00:00', 0),
(2, 1, '{test}', '0000-00-00 00:00:00', 0),
(3, 1, '{test}', '0000-00-00 00:00:00', 0),
(4, 1, '{test}', '0000-00-00 00:00:00', 0),
(5, 1, '{test}', '0000-00-00 00:00:00', 0),
(6, 1, '{test}', '0000-00-00 00:00:00', 0),
(7, 1, '{''circle_name'': ''i apply a circle'', ''circle_id'': ''999''}', '2016-08-31 09:21:39', 0),
(8, 1, '{''circle_name'': ''i apply a circle'', ''circle_id'': ''999''}', '2016-08-31 09:26:41', 0),
(9, 1, '{''circle_name'': ''i apply a circle'', ''circle_id'': ''999''}', '2016-08-31 09:26:49', 0),
(10, 1, '{''circle_name'': ''i apply a circle'', ''circle_id'': ''999''}', '2016-08-31 09:26:58', 0),
(11, 1, '{''circle_name'': ''i apply a circle'', ''circle_id'': ''999''}', '2016-08-31 09:29:23', 0),
(12, 1, '{''circle_name'': ''i apply a circle'', ''circle_id'': ''999''}', '2016-08-31 09:29:24', 0),
(13, 1, '{''circle_name'': ''i apply a circle'', ''circle_id'': ''999''}', '2016-08-31 09:29:25', 0),
(14, 1, '{''circle_name'': ''i apply a circle'', ''circle_id'': ''999''}', '2016-08-31 09:29:37', 0),
(15, 1, '{''circle_name'': ''i apply a circle'', ''circle_id'': ''999''}', '2016-08-31 09:29:37', 0),
(16, 1, '{''circle_name'': ''i apply a circle'', ''circle_id'': ''999''}', '2016-08-31 09:29:38', 0),
(17, 1, '{''circle_name'': ''i apply a circle'', ''circle_id'': ''999''}', '2016-08-31 09:32:27', 0),
(18, 1, '{''circle_name'': ''i apply a circle'', ''circle_id'': ''999''}', '2016-08-31 09:33:09', 0),
(19, 1, '{''circle_name'': ''i apply a circle'', ''circle_id'': ''999''}', '2016-08-31 09:33:09', 0),
(20, 1, '{''circle_name'': ''i apply a circle'', ''circle_id'': ''999''}', '2016-08-31 09:33:09', 0),
(21, 1, '{''circle_name'': ''i apply a circle'', ''circle_id'': ''999''}', '2016-08-31 09:33:09', 0),
(22, 1, '{''circle_name'': ''i apply a circle'', ''circle_id'': ''999''}', '2016-08-31 09:33:09', 0),
(23, 1, '{''circle_name'': ''i apply a circle'', ''circle_id'': ''999''}', '2016-08-31 09:33:26', 0),
(24, 1, '{''circle_name'': ''i apply a circle'', ''circle_id'': ''999''}', '2016-08-31 09:33:26', 0),
(25, 1, '{''circle_name'': ''i apply a circle'', ''circle_id'': ''999''}', '2016-08-31 09:33:26', 0),
(26, 1, '{''circle_name'': ''i apply a circle'', ''circle_id'': ''999''}', '2016-08-31 09:33:26', 0),
(27, 1, '{''circle_name'': ''i apply a circle'', ''circle_id'': ''999''}', '2016-08-31 09:33:26', 0),
(28, 1, '{''circle_name'': ''i apply a circle'', ''circle_id'': ''999''}', '2016-08-31 09:39:28', 0),
(29, 1, '{''circle_name'': ''group message.'', ''circle_id'': ''999''}', '2016-08-31 09:39:28', 0),
(30, 1, '{''circle_name'': ''i apply a circle'', ''circle_id'': ''999''}', '2016-08-31 09:42:55', 0),
(31, 1, '{''circle_name'': ''group message.'', ''circle_id'': ''999''}', '2016-08-31 09:42:55', 0),
(32, 1, '{''circle_name'': ''circle message.'', ''circle_id'': ''999''}', '2016-08-31 09:42:55', 0),
(33, 1, '{''circle_name'': ''i apply a circle'', ''circle_id'': ''999''}', '2016-08-31 09:45:40', 0),
(34, 1, '{''circle_name'': ''group message.'', ''circle_id'': ''999''}', '2016-08-31 09:45:40', 0),
(35, 1, '{''circle_name'': ''circle message.'', ''circle_id'': ''999''}', '2016-08-31 09:45:40', 0),
(36, 1, '{''circle_name'': ''i apply a circle'', ''circle_id'': ''999''}', '2016-08-31 09:46:49', 0),
(37, 1, '{''circle_name'': ''group message.'', ''circle_id'': ''999''}', '2016-08-31 09:46:49', 0),
(38, 1, '{''circle_name'': ''circle message.'', ''circle_id'': ''999''}', '2016-08-31 09:46:49', 0),
(39, 1, '{''circle_name'': ''i apply a circle'', ''circle_id'': ''999''}', '2016-08-31 09:47:11', 0),
(40, 1, '{''circle_name'': ''group message.'', ''circle_id'': ''999''}', '2016-08-31 09:47:11', 0),
(41, 1, '{''circle_name'': ''circle message.'', ''circle_id'': ''999''}', '2016-08-31 09:47:11', 0),
(42, 1, '{''circle_name'': ''i apply a circle'', ''circle_id'': ''999''}', '2016-08-31 09:47:29', 0),
(43, 1, '{''circle_name'': ''group message.'', ''circle_id'': ''999''}', '2016-08-31 09:47:29', 0),
(44, 1, '{''circle_name'': ''circle message.'', ''circle_id'': ''999''}', '2016-08-31 09:47:29', 0),
(45, 1, '{''circle_name'': ''i apply a circle'', ''circle_id'': ''999''}', '2016-08-31 09:47:46', 0),
(46, 1, '{''circle_name'': ''group message.'', ''circle_id'': ''999''}', '2016-08-31 09:47:46', 0),
(47, 1, '{''circle_name'': ''circle message.'', ''circle_id'': ''999''}', '2016-08-31 09:47:46', 0),
(48, 1, '{''circle_name'': ''i apply a circle'', ''circle_id'': ''999''}', '2016-08-31 09:48:00', 0),
(49, 1, '{''circle_name'': ''group message.'', ''circle_id'': ''999''}', '2016-08-31 09:48:00', 0),
(50, 1, '{''circle_name'': ''circle message.'', ''circle_id'': ''999''}', '2016-08-31 09:48:00', 0),
(51, 1, '{''circle_name'': ''i apply a circle'', ''circle_id'': ''999''}', '2016-08-31 09:48:54', 0),
(52, 1, '{''circle_name'': ''group message.'', ''circle_id'': ''999''}', '2016-08-31 09:48:54', 0),
(53, 1, '{''circle_name'': ''circle message.'', ''circle_id'': ''999''}', '2016-08-31 09:48:54', 0),
(54, 1, '{''circle_name'': ''i apply a circle'', ''circle_id'': ''999''}', '2016-08-31 09:49:17', 0),
(55, 1, '{''circle_name'': ''group message.'', ''circle_id'': ''999''}', '2016-08-31 09:49:17', 0),
(56, 1, '{''circle_name'': ''circle message.'', ''circle_id'': ''999''}', '2016-08-31 09:49:17', 0),
(57, 1, '{''circle_name'': ''i apply a circle'', ''circle_id'': ''999''}', '2016-08-31 09:49:31', 0),
(58, 1, '{''circle_name'': ''group message.'', ''circle_id'': ''999''}', '2016-08-31 09:49:31', 0),
(59, 1, '{''circle_name'': ''circle message.'', ''circle_id'': ''999''}', '2016-08-31 09:49:31', 0),
(60, 1, '{''circle_name'': ''i apply a circle'', ''circle_id'': ''999''}', '2016-08-31 09:49:37', 0),
(61, 1, '{''circle_name'': ''group message.'', ''circle_id'': ''999''}', '2016-08-31 09:49:37', 0),
(62, 1, '{''circle_name'': ''circle message.'', ''circle_id'': ''999''}', '2016-08-31 09:49:37', 0),
(63, 1, '{''circle_name'': ''i apply a circle'', ''circle_id'': ''999''}', '2016-08-31 09:50:09', 0),
(64, 1, '{''circle_name'': ''group message.'', ''circle_id'': ''999''}', '2016-08-31 09:50:09', 0),
(65, 1, '{''circle_name'': ''circle message.'', ''circle_id'': ''999''}', '2016-08-31 09:50:09', 0),
(66, 1, '{''circle_name'': ''i apply a circle'', ''circle_id'': ''999''}', '2016-08-31 09:50:29', 0),
(67, 1, '{''circle_name'': ''group message.'', ''circle_id'': ''999''}', '2016-08-31 09:50:29', 0),
(68, 1, '{''circle_name'': ''circle message.'', ''circle_id'': ''999''}', '2016-08-31 09:50:29', 0),
(69, 1, '{''circle_name'': ''i apply a circle'', ''circle_id'': ''999''}', '2016-08-31 09:50:38', 0),
(70, 1, '{''circle_name'': ''group message.'', ''circle_id'': ''999''}', '2016-08-31 09:50:38', 0),
(71, 1, '{''circle_name'': ''circle message.'', ''circle_id'': ''999''}', '2016-08-31 09:50:38', 0),
(72, 1, '{''circle_name'': ''i apply a circle'', ''circle_id'': ''999''}', '2016-08-31 09:50:39', 0),
(73, 1, '{''circle_name'': ''group message.'', ''circle_id'': ''999''}', '2016-08-31 09:50:39', 0),
(74, 1, '{''circle_name'': ''circle message.'', ''circle_id'': ''999''}', '2016-08-31 09:50:39', 0),
(75, 1, '{''circle_name'': ''i apply a circle'', ''circle_id'': ''999''}', '2016-08-31 09:50:46', 0),
(76, 1, '{''circle_name'': ''group message.'', ''circle_id'': ''999''}', '2016-08-31 09:50:46', 0),
(77, 1, '{''circle_name'': ''circle message.'', ''circle_id'': ''999''}', '2016-08-31 09:50:46', 0),
(78, 1, '{''circle_name'': ''i apply a circle'', ''circle_id'': ''999''}', '2016-08-31 09:51:00', 0),
(79, 1, '{''circle_name'': ''group message.'', ''circle_id'': ''999''}', '2016-08-31 09:51:00', 0),
(80, 1, '{''circle_name'': ''circle message.'', ''circle_id'': ''999''}', '2016-08-31 09:51:00', 0),
(81, 1, '{''circle_name'': ''i apply a circle'', ''circle_id'': ''999''}', '2016-08-31 09:51:17', 0),
(82, 1, '{''circle_name'': ''group message.'', ''circle_id'': ''999''}', '2016-08-31 09:51:17', 0),
(83, 1, '{''circle_name'': ''circle message.'', ''circle_id'': ''999''}', '2016-08-31 09:51:17', 0),
(84, 1, '{''circle_name'': ''i apply a circle'', ''circle_id'': ''999''}', '2016-08-31 09:52:04', 0),
(85, 1, '{''circle_name'': ''group message.'', ''circle_id'': ''999''}', '2016-08-31 09:52:04', 0),
(86, 1, '{''circle_name'': ''circle message.'', ''circle_id'': ''999''}', '2016-08-31 09:52:04', 0),
(87, 1, '{''circle_name'': ''i apply a circle'', ''circle_id'': ''999''}', '2016-08-31 09:52:32', 0),
(88, 1, '{''circle_name'': ''group message.'', ''circle_id'': ''999''}', '2016-08-31 09:52:32', 0),
(89, 1, '{''circle_name'': ''circle message.'', ''circle_id'': ''999''}', '2016-08-31 09:52:32', 0),
(90, 1, '{''circle_name'': ''i apply a circle'', ''circle_id'': ''999''}', '2016-08-31 09:53:18', 0),
(91, 1, '{''circle_name'': ''group message.'', ''circle_id'': ''999''}', '2016-08-31 09:53:18', 0),
(92, 1, '{''circle_name'': ''circle message.'', ''circle_id'': ''999''}', '2016-08-31 09:53:18', 0),
(93, 1, '{''circle_name'': ''i apply a circle'', ''circle_id'': ''999''}', '2016-08-31 09:53:30', 0),
(94, 1, '{''circle_name'': ''group message.'', ''circle_id'': ''999''}', '2016-08-31 09:53:30', 0),
(95, 1, '{''circle_name'': ''circle message.'', ''circle_id'': ''999''}', '2016-08-31 09:53:30', 0),
(96, 1, '{''circle_name'': ''i apply a circle'', ''circle_id'': ''999''}', '2016-08-31 09:57:00', 0),
(97, 1, '{''circle_name'': ''group message.'', ''circle_id'': ''999''}', '2016-08-31 09:57:00', 0),
(98, 1, '{''circle_name'': ''circle message.'', ''circle_id'': ''999''}', '2016-08-31 09:57:00', 0),
(99, 1, '{''circle_name'': ''i apply a circle'', ''circle_id'': ''999''}', '2016-08-31 09:57:06', 0),
(100, 1, '{''circle_name'': ''group message.'', ''circle_id'': ''999''}', '2016-08-31 09:57:06', 0),
(101, 1, '{''circle_name'': ''circle message.'', ''circle_id'': ''999''}', '2016-08-31 09:57:06', 0),
(102, 1, '{''circle_name'': ''i apply a circle'', ''circle_id'': ''999''}', '2016-08-31 09:57:22', 0),
(103, 1, '{''circle_name'': ''group message.'', ''circle_id'': ''999''}', '2016-08-31 09:57:22', 0),
(104, 1, '{''circle_name'': ''circle message.'', ''circle_id'': ''999''}', '2016-08-31 09:57:22', 0),
(105, 1, '{''circle_name'': ''i apply a circle'', ''circle_id'': ''999''}', '2016-08-31 09:57:28', 0),
(106, 1, '{''circle_name'': ''group message.'', ''circle_id'': ''999''}', '2016-08-31 09:57:28', 0),
(107, 1, '{''circle_name'': ''circle message.'', ''circle_id'': ''999''}', '2016-08-31 09:57:28', 0),
(108, 1, '{''circle_name'': ''i apply a circle'', ''circle_id'': ''999''}', '2016-08-31 09:57:59', 0),
(109, 1, '{''circle_name'': ''group message.'', ''circle_id'': ''999''}', '2016-08-31 09:57:59', 0),
(110, 1, '{''circle_name'': ''circle message.'', ''circle_id'': ''999''}', '2016-08-31 09:57:59', 0),
(111, 1, '{''circle_name'': ''i apply a circle'', ''circle_id'': ''999''}', '2016-08-31 10:00:19', 0),
(112, 1, '{''circle_name'': ''group message.'', ''circle_id'': ''999''}', '2016-08-31 10:00:19', 0),
(113, 1, '{''circle_name'': ''circle message.'', ''circle_id'': ''999''}', '2016-08-31 10:00:19', 0),
(114, 1, '{''circle_name'': ''i apply a circle'', ''circle_id'': ''999''}', '2016-08-31 10:01:06', 0),
(115, 1, '{''circle_name'': ''group message.'', ''circle_id'': ''999''}', '2016-08-31 10:01:06', 0),
(116, 1, '{''circle_name'': ''circle message.'', ''circle_id'': ''999''}', '2016-08-31 10:01:06', 0),
(117, 1, '{''circle_name'': ''i apply a circle'', ''circle_id'': ''999''}', '2016-08-31 10:02:48', 0),
(118, 1, '{''circle_name'': ''group message.'', ''circle_id'': ''999''}', '2016-08-31 10:02:48', 0),
(119, 1, '{''circle_name'': ''circle message.'', ''circle_id'': ''999''}', '2016-08-31 10:02:48', 0),
(120, 1, '{''circle_name'': ''i apply a circle'', ''circle_id'': ''999''}', '2016-08-31 10:02:50', 0),
(121, 1, '{''circle_name'': ''group message.'', ''circle_id'': ''999''}', '2016-08-31 10:02:50', 0),
(122, 1, '{''circle_name'': ''circle message.'', ''circle_id'': ''999''}', '2016-08-31 10:02:50', 0),
(123, 1, '{''circle_name'': ''i apply a circle'', ''circle_id'': ''999''}', '2016-08-31 10:05:30', 0),
(124, 1, '{''circle_name'': ''group message.'', ''circle_id'': ''999''}', '2016-08-31 10:05:30', 0),
(125, 1, '{''circle_name'': ''circle message.'', ''circle_id'': ''999''}', '2016-08-31 10:05:30', 0),
(126, 1, '{''circle_name'': ''i apply a circle'', ''circle_id'': ''999''}', '2016-08-31 10:07:02', 0),
(127, 1, '{''circle_name'': ''group message.'', ''circle_id'': ''999''}', '2016-08-31 10:07:02', 0),
(128, 1, '{''circle_name'': ''circle message.'', ''circle_id'': ''999''}', '2016-08-31 10:07:02', 0),
(129, 1, '{''circle_name'': ''i apply a circle'', ''circle_id'': ''999''}', '2016-08-31 10:07:43', 0),
(130, 1, '{''circle_name'': ''group message.'', ''circle_id'': ''999''}', '2016-08-31 10:07:43', 0),
(131, 1, '{''circle_name'': ''circle message.'', ''circle_id'': ''999''}', '2016-08-31 10:07:43', 0),
(132, 1, '{''circle_name'': ''i apply a circle'', ''circle_id'': ''999''}', '2016-08-31 10:08:05', 0),
(133, 1, '{''circle_name'': ''group message.'', ''circle_id'': ''999''}', '2016-08-31 10:08:05', 0),
(134, 1, '{''circle_name'': ''circle message.'', ''circle_id'': ''999''}', '2016-08-31 10:08:05', 0),
(135, 1, '{''circle_name'': ''i apply a circle'', ''circle_id'': ''999''}', '2016-08-31 10:09:14', 0),
(136, 1, '{''circle_name'': ''group message.'', ''circle_id'': ''999''}', '2016-08-31 10:09:14', 0),
(137, 1, '{''circle_name'': ''circle message.'', ''circle_id'': ''999''}', '2016-08-31 10:09:14', 0),
(138, 1, '{''circle_name'': ''i apply a circle'', ''circle_id'': ''999''}', '2016-08-31 10:11:26', 0),
(139, 1, '{''circle_name'': ''group message.'', ''circle_id'': ''999''}', '2016-08-31 10:11:26', 0),
(140, 1, '{''circle_name'': ''circle message.'', ''circle_id'': ''999''}', '2016-08-31 10:11:26', 0),
(141, 1, '{''circle_name'': ''i apply a circle'', ''circle_id'': ''999''}', '2016-08-31 10:11:48', 0),
(142, 1, '{''circle_name'': ''group message.'', ''circle_id'': ''999''}', '2016-08-31 10:11:48', 0),
(143, 1, '{''circle_name'': ''circle message.'', ''circle_id'': ''999''}', '2016-08-31 10:11:48', 0),
(144, 1, '{''circle_name'': ''i apply a circle'', ''circle_id'': ''999''}', '2016-08-31 10:15:11', 0),
(145, 1, '{''circle_name'': ''i apply a circle'', ''circle_id'': ''999''}', '2016-08-31 10:15:40', 0),
(146, 1, '{''circle_name'': ''i apply a circle'', ''circle_id'': ''999''}', '2016-08-31 10:19:23', 0),
(147, 1, '{''circle_name'': ''i apply a circle'', ''circle_id'': ''999''}', '2016-08-31 10:19:35', 0),
(148, 1, '{''circle_name'': ''i apply a circle'', ''circle_id'': ''999''}', '2016-08-31 10:20:42', 0),
(149, 1, '{''circle_name'': ''i apply a circle'', ''circle_id'': ''999''}', '2016-08-31 10:20:58', 0),
(150, 1, '{''circle_name'': ''i apply a circle'', ''circle_id'': ''999''}', '2016-08-31 10:21:11', 0),
(151, 1, '{''circle_name'': ''i apply a circle'', ''circle_id'': ''999''}', '2016-08-31 10:21:30', 0),
(152, 1, '{''circle_name'': ''i apply a circle'', ''circle_id'': ''999''}', '2016-08-31 10:21:54', 0),
(153, 1, '{''circle_name'': ''i apply a circle'', ''circle_id'': ''999''}', '2016-08-31 10:23:19', 0),
(154, 1, '{''circle_name'': ''i apply a circle'', ''circle_id'': ''999''}', '2016-08-31 12:14:03', 0),
(155, 1, '{''circle_name'': ''i apply a circle'', ''circle_id'': ''999''}', '2016-08-31 12:16:19', 0),
(156, 1, '{''circle_name'': ''i apply a circle'', ''circle_id'': ''999''}', '2016-08-31 12:37:46', 0),
(157, 1, '{''circle_name'': ''i apply a circle'', ''circle_id'': ''999''}', '2016-08-31 12:38:43', 0),
(158, 1, '{''circle_name'': ''i apply a circle'', ''circle_id'': ''999''}', '2016-08-31 12:38:53', 0),
(159, 1, '{''circle_name'': ''i apply a circle'', ''circle_id'': ''999''}', '2016-08-31 12:39:19', 0),
(160, 1, '{''circle_name'': ''i apply a circle'', ''circle_id'': ''999''}', '2016-08-31 12:39:25', 0),
(161, 1, '{''circle_name'': ''i apply a circle'', ''circle_id'': ''999''}', '2016-08-31 12:39:29', 0),
(162, 1, '{''circle_name'': ''i apply a circle'', ''circle_id'': ''999''}', '2016-08-31 12:39:33', 0),
(163, 1, '{''circle_name'': ''i apply a circle'', ''circle_id'': ''999''}', '2016-08-31 12:40:43', 0),
(164, 1, '{''circle_name'': ''i apply a circle'', ''circle_id'': ''999''}', '2016-08-31 12:42:07', 0),
(165, 1, '{''circle_name'': ''i apply a circle'', ''circle_id'': ''999''}', '2016-08-31 12:42:44', 0),
(166, 1, '{''circle_name'': ''i apply a circle'', ''circle_id'': ''999''}', '2016-08-31 13:06:58', 0),
(167, 1, '{''circle_name'': ''i apply a circle'', ''circle_id'': ''999''}', '2016-08-31 13:07:32', 0),
(168, 1, '{''circle_name'': ''i apply a circle'', ''circle_id'': ''999''}', '2016-08-31 13:08:14', 0),
(169, 1, '{''circle_name'': ''i apply a circle'', ''circle_id'': ''999''}', '2016-08-31 13:09:48', 0),
(170, 1, '{''circle_name'': ''i apply a circle'', ''circle_id'': ''999''}', '2016-08-31 14:00:28', 0),
(171, 1, '{''circle_name'': ''i apply a circle'', ''circle_id'': ''999''}', '2016-08-31 14:02:53', 0),
(172, 1, '{''circle_name'': ''circle message.'', ''circle_id'': ''999''}', '2016-08-31 14:02:53', 0),
(173, 1, '{''circle_name'': ''i apply a circle'', ''circle_id'': ''999''}', '2016-08-31 14:03:05', 0),
(174, 1, '{''circle_name'': ''circle message.'', ''circle_id'': ''999''}', '2016-08-31 14:03:06', 0),
(175, 1, '{''circle_name'': ''i apply a circle'', ''circle_id'': ''999''}', '2016-08-31 14:04:51', 0),
(176, 1, '{''circle_name'': ''circle message.'', ''circle_id'': ''999''}', '2016-08-31 14:04:51', 0),
(177, 1, '{''circle_name'': ''i apply a circle'', ''circle_id'': ''999''}', '2016-08-31 14:05:25', 0),
(178, 1, '{''circle_name'': ''circle message.'', ''circle_id'': ''999''}', '2016-08-31 14:05:25', 0),
(179, 1, '{''circle_name'': ''i apply a circle'', ''circle_id'': ''999''}', '2016-08-31 14:05:35', 0),
(180, 1, '{''circle_name'': ''circle message.'', ''circle_id'': ''999''}', '2016-08-31 14:05:35', 0),
(181, 1, '{''circle_name'': ''i apply a circle'', ''circle_id'': ''999''}', '2016-08-31 14:05:47', 0),
(182, 1, '{''circle_name'': ''circle message.'', ''circle_id'': ''999''}', '2016-08-31 14:05:47', 0),
(183, 1, '{''circle_name'': ''i apply a circle'', ''circle_id'': ''999''}', '2016-08-31 14:08:19', 0),
(184, 1, '{''circle_name'': ''circle message.'', ''circle_id'': ''999''}', '2016-08-31 14:08:19', 0),
(185, 1, '{''circle_name'': ''i apply a circle'', ''circle_id'': ''999''}', '2016-08-31 14:08:24', 0),
(186, 1, '{''circle_name'': ''circle message.'', ''circle_id'': ''999''}', '2016-08-31 14:08:24', 0),
(187, 1, '{''circle_name'': ''i apply a circle'', ''circle_id'': ''999''}', '2016-08-31 14:08:26', 0),
(188, 1, '{''circle_name'': ''circle message.'', ''circle_id'': ''999''}', '2016-08-31 14:08:26', 0),
(189, 1, '{''circle_name'': ''i apply a circle'', ''circle_id'': ''999''}', '2016-08-31 14:08:49', 0),
(190, 1, '{''circle_name'': ''circle message.'', ''circle_id'': ''999''}', '2016-08-31 14:08:49', 0),
(191, 1, '{''circle_name'': ''i apply a circle'', ''circle_id'': ''999''}', '2016-08-31 14:11:49', 0),
(192, 1, '{''circle_name'': ''circle message.'', ''circle_id'': ''999''}', '2016-08-31 14:11:49', 0),
(193, 1, '{''circle_name'': ''i apply a circle'', ''circle_id'': ''999''}', '2016-08-31 14:13:53', 0),
(194, 1, '{''circle_name'': ''circle message.'', ''circle_id'': ''999''}', '2016-08-31 14:13:53', 0),
(195, 1, '{''circle_name'': ''i apply a circle'', ''circle_id'': ''999''}', '2016-08-31 14:15:35', 0),
(196, 1, '{''circle_name'': ''circle message.'', ''circle_id'': ''999''}', '2016-08-31 14:15:35', 0),
(197, 1, '{''circle_name'': ''i apply a circle'', ''circle_id'': ''999''}', '2016-08-31 14:15:51', 0),
(198, 1, '{''circle_name'': ''circle message.'', ''circle_id'': ''999''}', '2016-08-31 14:15:51', 0),
(199, 1, '{''circle_name'': ''i apply a circle'', ''circle_id'': ''999''}', '2016-09-01 06:30:21', 0),
(200, 1, '{''circle_name'': ''circle message.'', ''circle_id'': ''999''}', '2016-09-01 06:30:21', 0),
(201, 1, '{''circle_name'': ''i apply a circle'', ''circle_id'': ''999''}', '2016-09-01 06:30:41', 0),
(202, 1, '{''circle_name'': ''circle message.'', ''circle_id'': ''999''}', '2016-09-01 06:30:41', 0),
(203, 1, '{''circle_name'': ''i apply a circle'', ''circle_id'': ''999''}', '2016-09-01 06:30:50', 0),
(204, 1, '{''circle_name'': ''circle message.'', ''circle_id'': ''999''}', '2016-09-01 06:30:50', 0),
(205, 1, '{''circle_name'': ''i apply a circle'', ''circle_id'': ''999''}', '2016-09-01 06:31:22', 0),
(206, 1, '{''circle_name'': ''circle message.'', ''circle_id'': ''999''}', '2016-09-01 06:31:22', 0),
(207, 1, '{''circle_name'': ''i apply a circle'', ''circle_id'': ''999''}', '2016-09-01 06:31:44', 0),
(208, 1, '{''circle_name'': ''circle message.'', ''circle_id'': ''999''}', '2016-09-01 06:31:44', 0),
(209, 1, '{''circle_name'': ''i apply a circle'', ''circle_id'': ''999''}', '2016-09-01 06:32:31', 0),
(210, 1, '{''circle_name'': ''circle message.'', ''circle_id'': ''999''}', '2016-09-01 06:32:31', 0),
(211, 1, '{''circle_name'': ''i apply a circle'', ''circle_id'': ''999''}', '2016-09-01 06:32:43', 0),
(212, 1, '{''circle_name'': ''circle message.'', ''circle_id'': ''999''}', '2016-09-01 06:32:43', 0),
(213, 1, '{''circle_name'': ''i apply a circle'', ''circle_id'': ''999''}', '2016-09-01 06:45:18', 0),
(214, 1, '{''circle_name'': ''circle message.'', ''circle_id'': ''999''}', '2016-09-01 06:45:18', 0),
(215, 1, '{''circle_name'': ''i apply a circle'', ''circle_id'': ''999''}', '2016-09-01 06:45:26', 0),
(216, 1, '{''circle_name'': ''circle message.'', ''circle_id'': ''999''}', '2016-09-01 06:45:26', 0),
(217, 1, '{''circle_name'': ''i apply a circle'', ''circle_id'': ''999''}', '2016-09-01 06:46:18', 0),
(218, 1, '{''circle_name'': ''circle message.'', ''circle_id'': ''999''}', '2016-09-01 06:46:18', 0),
(219, 1, '{''circle_name'': ''i apply a circle'', ''circle_id'': ''999''}', '2016-09-01 06:46:54', 0),
(220, 1, '{''circle_name'': ''circle message.'', ''circle_id'': ''999''}', '2016-09-01 06:46:54', 0),
(221, 1, '{''circle_name'': ''i apply a circle'', ''circle_id'': ''999''}', '2016-09-01 06:47:56', 0),
(222, 1, '{''circle_name'': ''circle message.'', ''circle_id'': ''999''}', '2016-09-01 06:47:56', 0),
(223, 1, '{''circle_name'': ''i apply a circle'', ''circle_id'': ''999''}', '2016-09-01 06:48:21', 0),
(224, 1, '{''circle_name'': ''circle message.'', ''circle_id'': ''999''}', '2016-09-01 06:48:21', 0),
(225, 1, '{''circle_name'': ''i apply a circle'', ''circle_id'': ''999''}', '2016-09-01 06:48:52', 0),
(226, 1, '{''circle_name'': ''circle message.'', ''circle_id'': ''999''}', '2016-09-01 06:48:52', 0),
(227, 1, '{''circle_name'': ''i apply a circle'', ''circle_id'': ''999''}', '2016-09-01 06:50:33', 0),
(228, 1, '{''circle_name'': ''circle message.'', ''circle_id'': ''999''}', '2016-09-01 06:50:33', 0),
(229, 1, '{''circle_name'': ''i apply a circle'', ''circle_id'': ''999''}', '2016-09-01 06:50:40', 0),
(230, 1, '{''circle_name'': ''circle message.'', ''circle_id'': ''999''}', '2016-09-01 06:50:40', 0),
(231, 1, '{''circle_name'': ''i apply a circle'', ''circle_id'': ''999''}', '2016-09-01 06:50:46', 0),
(232, 1, '{''circle_name'': ''circle message.'', ''circle_id'': ''999''}', '2016-09-01 06:50:46', 0),
(233, 1, '{''circle_name'': ''i apply a circle'', ''circle_id'': ''999''}', '2016-09-01 06:50:52', 0),
(234, 1, '{''circle_name'': ''circle message.'', ''circle_id'': ''999''}', '2016-09-01 06:50:52', 0),
(235, 1, '{''circle_name'': ''i apply a circle'', ''circle_id'': ''999''}', '2016-09-01 06:52:23', 0),
(236, 1, '{''circle_name'': ''circle message.'', ''circle_id'': ''999''}', '2016-09-01 06:52:23', 0),
(237, 1, '{''circle_name'': ''i apply a circle'', ''circle_id'': ''999''}', '2016-09-01 06:52:36', 0),
(238, 1, '{''circle_name'': ''circle message.'', ''circle_id'': ''999''}', '2016-09-01 06:52:36', 0),
(239, 1, '{''circle_name'': ''i apply a circle'', ''circle_id'': ''999''}', '2016-09-01 06:57:17', 0),
(240, 1, '{''circle_name'': ''circle message.'', ''circle_id'': ''999''}', '2016-09-01 06:57:17', 0),
(241, 1, '{''circle_name'': ''i apply a circle'', ''circle_id'': ''999''}', '2016-09-01 06:57:54', 0),
(242, 1, '{''circle_name'': ''circle message.'', ''circle_id'': ''999''}', '2016-09-01 06:57:54', 0),
(243, 1, '{''circle_name'': ''i apply a circle'', ''circle_id'': ''999''}', '2016-09-01 06:58:24', 0),
(244, 1, '{''circle_name'': ''circle message.'', ''circle_id'': ''999''}', '2016-09-01 06:58:24', 0),
(245, 1, '{''circle_name'': ''i apply a circle'', ''circle_id'': ''999''}', '2016-09-01 06:58:44', 0),
(246, 1, '{''circle_name'': ''circle message.'', ''circle_id'': ''999''}', '2016-09-01 06:58:44', 0),
(247, 1, '{''circle_name'': ''i apply a circle'', ''circle_id'': ''999''}', '2016-09-01 06:59:09', 0),
(248, 1, '{''circle_name'': ''circle message.'', ''circle_id'': ''999''}', '2016-09-01 06:59:09', 0),
(249, 1, '{''circle_name'': ''i apply a circle'', ''circle_id'': ''999''}', '2016-09-01 07:00:03', 0),
(250, 1, '{''circle_name'': ''circle message.'', ''circle_id'': ''999''}', '2016-09-01 07:00:03', 0),
(251, 1, '{''circle_name'': ''i apply a circle'', ''circle_id'': ''999''}', '2016-09-01 07:05:46', 0),
(252, 1, '{''circle_name'': ''circle message.'', ''circle_id'': ''999''}', '2016-09-01 07:05:46', 0),
(253, 1, '{''circle_name'': ''i apply a circle'', ''circle_id'': ''999''}', '2016-09-01 07:06:30', 0),
(254, 1, '{''circle_name'': ''circle message.'', ''circle_id'': ''999''}', '2016-09-01 07:06:30', 0),
(255, 1, '{''circle_name'': ''i apply a circle'', ''circle_id'': ''999''}', '2016-09-01 07:15:32', 0),
(256, 1, '{''circle_name'': ''circle message.'', ''circle_id'': ''999''}', '2016-09-01 07:15:32', 0),
(257, 1, '{''circle_name'': ''i apply a circle'', ''circle_id'': ''999''}', '2016-09-01 07:16:05', 0),
(258, 1, '{''circle_name'': ''circle message.'', ''circle_id'': ''999''}', '2016-09-01 07:16:05', 0),
(259, 1, '{''circle_name'': ''i apply a circle'', ''circle_id'': ''999''}', '2016-09-01 07:16:54', 0),
(260, 1, '{''circle_name'': ''circle message.'', ''circle_id'': ''999''}', '2016-09-01 07:16:54', 0),
(261, 1, '{''circle_name'': ''i apply a circle'', ''circle_id'': ''999''}', '2016-09-01 07:22:03', 0),
(262, 1, '{''circle_name'': ''circle message.'', ''circle_id'': ''999''}', '2016-09-01 07:22:03', 0),
(263, 1, '{''circle_name'': ''i apply a circle'', ''circle_id'': ''999''}', '2016-09-01 07:22:35', 0),
(264, 1, '{''circle_name'': ''circle message.'', ''circle_id'': ''999''}', '2016-09-01 07:22:35', 0),
(265, 1, '{''circle_name'': ''i apply a circle'', ''circle_id'': ''999''}', '2016-09-01 07:23:39', 0),
(266, 1, '{''circle_name'': ''circle message.'', ''circle_id'': ''999''}', '2016-09-01 07:23:39', 0),
(267, 1, '{''circle_name'': ''i apply a circle'', ''circle_id'': ''999''}', '2016-09-01 07:27:55', 0),
(268, 1, '{''circle_name'': ''circle message.'', ''circle_id'': ''999''}', '2016-09-01 07:27:55', 0),
(269, 1, '{''circle_name'': ''i apply a circle'', ''circle_id'': ''999''}', '2016-09-01 07:28:41', 0),
(270, 1, '{''circle_name'': ''circle message.'', ''circle_id'': ''999''}', '2016-09-01 07:28:41', 0),
(271, 1, '{''circle_name'': ''i apply a circle'', ''circle_id'': ''999''}', '2016-09-01 07:30:15', 0),
(272, 1, '{''circle_name'': ''circle message.'', ''circle_id'': ''999''}', '2016-09-01 07:30:15', 0),
(273, 1, '{''circle_name'': ''i apply a circle'', ''circle_id'': ''999''}', '2016-09-01 07:30:50', 0),
(274, 1, '{''circle_name'': ''circle message.'', ''circle_id'': ''999''}', '2016-09-01 07:30:50', 0),
(275, 1, '{''circle_name'': ''i apply a circle'', ''circle_id'': ''999''}', '2016-09-01 07:35:19', 0),
(276, 1, '{''circle_name'': ''circle message.'', ''circle_id'': ''999''}', '2016-09-01 07:35:19', 0),
(277, 1, '{''circle_name'': ''i apply a circle'', ''circle_id'': ''999''}', '2016-09-01 07:35:47', 0),
(278, 1, '{''circle_name'': ''circle message.'', ''circle_id'': ''999''}', '2016-09-01 07:35:47', 0),
(279, 1, '{''circle_name'': ''i apply a circle'', ''circle_id'': ''999''}', '2016-09-01 08:24:26', 0),
(280, 1, '{''circle_name'': ''circle message.'', ''circle_id'': ''999''}', '2016-09-01 08:24:26', 0),
(281, 1, '{''circle_name'': ''i apply a circle'', ''circle_id'': ''999''}', '2016-09-01 08:26:49', 0),
(282, 1, '{''circle_name'': ''circle message.'', ''circle_id'': ''999''}', '2016-09-01 08:26:49', 0),
(283, 1, '{''circle_name'': ''i apply a circle'', ''circle_id'': ''999''}', '2016-09-01 08:28:42', 0),
(284, 1, '{''circle_name'': ''circle message.'', ''circle_id'': ''999''}', '2016-09-01 08:28:42', 0),
(285, 1, '{''circle_name'': ''i apply a circle'', ''circle_id'': ''999''}', '2016-09-01 08:28:59', 0),
(286, 1, '{''circle_name'': ''circle message.'', ''circle_id'': ''999''}', '2016-09-01 08:28:59', 0),
(287, 1, '{''circle_name'': ''i apply a circle'', ''circle_id'': ''999''}', '2016-09-01 08:29:13', 0),
(288, 1, '{''circle_name'': ''circle message.'', ''circle_id'': ''999''}', '2016-09-01 08:29:13', 0),
(289, 1, '{''circle_name'': ''i apply a circle'', ''circle_id'': ''999''}', '2016-09-01 08:29:26', 0),
(290, 1, '{''circle_name'': ''circle message.'', ''circle_id'': ''999''}', '2016-09-01 08:29:26', 0),
(291, 1, '{''circle_name'': ''i apply a circle'', ''circle_id'': ''999''}', '2016-09-01 08:29:42', 0),
(292, 1, '{''circle_name'': ''circle message.'', ''circle_id'': ''999''}', '2016-09-01 08:29:43', 0),
(293, 1, '{''circle_name'': ''i apply a circle'', ''circle_id'': ''999''}', '2016-09-01 08:46:26', 0),
(294, 1, '{''circle_name'': ''circle message.'', ''circle_id'': ''999''}', '2016-09-01 08:46:26', 0);

-- --------------------------------------------------------

--
-- 表的结构 `ac_message_user_table`
--

CREATE TABLE IF NOT EXISTS `ac_message_user_table` (
  `mu_id` int(11) NOT NULL AUTO_INCREMENT,
  `uid` int(11) NOT NULL,
  `message_queue` varchar(510) NOT NULL DEFAULT '_',
  `update_time` timestamp NOT NULL DEFAULT CURRENT_TIMESTAMP ON UPDATE CURRENT_TIMESTAMP,
  PRIMARY KEY (`mu_id`),
  KEY `uid` (`uid`)
) ENGINE=InnoDB  DEFAULT CHARSET=utf8 AUTO_INCREMENT=160 ;

--
-- 转存表中的数据 `ac_message_user_table`
--

INSERT INTO `ac_message_user_table` (`mu_id`, `uid`, `message_queue`, `update_time`) VALUES
(1, 245, '_test_test', '2016-08-29 12:57:41'),
(2, 246, '_', '2016-08-28 16:59:00'),
(3, 247, '_', '2016-08-28 16:59:21'),
(4, 248, '_', '2016-08-28 16:59:21'),
(5, 1, '_5_', '2016-08-31 10:24:01'),
(6, 2, '_', '2016-08-28 17:11:38'),
(7, 3, '_141_144_', '2016-08-31 10:15:11'),
(8, 4, '_', '2016-08-28 17:19:54'),
(9, 5, '_14_15_16_17_18_19_23_24_28_29_30_31_33_34_36_37_39_40_42_43_45_46_48_49_51_52_54_55_57_58_60_61_63_64_66_67_69_70_72_73_75_76_78_79_81_82_84_85_87_88_90_91_93_94_96_97_99_100_102_103_105_106_108_109_111_112_114_115_117_118_120_121_123_124_126_127_129_130_132_133_135_136_138_139_142_', '2016-08-31 10:11:48'),
(10, 6, '_20_25_29_31_34_37_40_43_46_49_52_55_58_61_64_67_70_73_76_79_82_85_88_91_94_97_100_103_106_109_112_115_118_121_124_127_130_133_136_139_142_', '2016-08-31 10:11:48'),
(11, 7, '_21_26_29_31_34_37_40_43_46_49_52_55_58_61_64_67_70_73_76_79_82_85_88_91_94_97_100_103_106_109_112_115_118_121_124_127_130_133_136_139_142_', '2016-08-31 10:11:48'),
(12, 8, '_22_27_29_31_34_37_40_43_46_49_52_55_58_61_64_67_70_73_76_79_82_85_88_91_94_97_100_103_106_109_112_115_118_121_124_127_130_133_136_139_142_', '2016-08-31 10:11:48'),
(13, 9, '_', '2016-08-29 01:44:45'),
(14, 10, '_', '2016-08-29 01:48:25'),
(15, 11, '_', '2016-08-29 01:55:16'),
(16, 12, '_', '2016-08-29 02:06:39'),
(17, 13, '_', '2016-08-29 02:07:06'),
(18, 14, '_199_201_203_205_207_209_211_213_215_217_219_221_223_225_227_229_231_233_235_237_239_241_243_245_247_249_251_253_255_257_259_261_263_265_267_269_271_273_275_277_279_281_283_285_287_289_291_293_', '2016-09-01 08:46:26'),
(19, 15, '_', '2016-08-29 02:08:14'),
(20, 16, '_', '2016-08-29 02:09:19'),
(21, 17, '_', '2016-08-29 02:10:59'),
(22, 18, '_', '2016-08-29 02:34:04'),
(23, 19, '_', '2016-08-29 02:38:54'),
(24, 20, '_', '2016-08-29 02:41:27'),
(25, 21, '_', '2016-08-29 02:43:54'),
(26, 22, '_', '2016-08-29 02:45:23'),
(27, 23, '_', '2016-08-29 02:45:35'),
(28, 24, '_', '2016-08-29 02:52:40'),
(29, 25, '_', '2016-08-29 02:53:26'),
(30, 26, '_', '2016-08-29 03:01:28'),
(31, 27, '_', '2016-08-29 03:04:20'),
(32, 28, '_', '2016-08-29 03:36:52'),
(33, 29, '_', '2016-08-29 07:00:17'),
(34, 30, '_', '2016-08-29 07:02:02'),
(35, 31, '_', '2016-08-29 07:11:04'),
(36, 32, '_', '2016-08-29 07:13:30'),
(37, 33, '_', '2016-08-29 07:13:45'),
(38, 34, '_', '2016-08-29 07:43:02'),
(39, 35, '_', '2016-08-29 07:44:01'),
(40, 36, '_', '2016-08-29 07:44:30'),
(41, 37, '_', '2016-08-29 07:45:01'),
(42, 38, '_', '2016-08-29 07:45:17'),
(43, 39, '_', '2016-08-29 07:46:05'),
(44, 40, '_', '2016-08-29 07:46:15'),
(45, 41, '_', '2016-08-29 07:55:51'),
(46, 42, '_', '2016-08-29 07:55:56'),
(47, 43, '_', '2016-08-29 07:56:08'),
(48, 44, '_', '2016-08-29 09:09:16'),
(49, 45, '_', '2016-08-29 09:11:04'),
(50, 46, '_', '2016-08-29 09:14:07'),
(51, 47, '_', '2016-08-29 09:14:43'),
(52, 48, '_', '2016-08-29 14:14:34'),
(53, 49, '_', '2016-08-29 14:32:10'),
(54, 50, '_', '2016-08-29 14:34:32'),
(55, 51, '_', '2016-08-29 14:35:47'),
(56, 52, '_', '2016-08-29 14:37:08'),
(57, 53, '_', '2016-08-29 16:18:38'),
(58, 54, '_', '2016-08-29 16:23:07'),
(59, 61, '_', '2016-09-04 14:23:43'),
(60, 62, '_', '2016-09-04 14:46:27'),
(61, 63, '_', '2016-09-04 14:51:08'),
(62, 64, '_', '2016-09-04 14:52:24'),
(63, 65, '_', '2016-09-04 14:57:11'),
(64, 66, '_', '2016-09-05 02:00:01'),
(65, 67, '_', '2016-09-05 02:35:39'),
(66, 68, '_', '2016-09-05 02:36:41'),
(67, 69, '_', '2016-09-05 02:37:57'),
(68, 70, '_', '2016-09-05 02:57:28'),
(69, 71, '_', '2016-09-05 08:51:23'),
(70, 72, '_', '2016-09-05 08:52:38'),
(71, 73, '_', '2016-09-05 08:53:08'),
(72, 74, '_', '2016-09-05 08:53:56'),
(73, 75, '_', '2016-09-05 09:01:33'),
(74, 76, '_', '2016-09-05 09:02:13'),
(75, 77, '_', '2016-09-05 09:02:41'),
(76, 78, '_', '2016-09-05 09:03:07'),
(77, 79, '_', '2016-09-05 09:05:56'),
(78, 80, '_', '2016-09-05 09:06:37'),
(79, 81, '_', '2016-09-05 09:07:00'),
(80, 82, '_', '2016-09-05 09:07:10'),
(81, 83, '_', '2016-09-05 09:09:02'),
(82, 84, '_', '2016-09-05 09:09:26'),
(83, 85, '_', '2016-09-05 09:15:59'),
(84, 86, '_', '2016-09-05 09:16:28'),
(85, 89, '_', '2016-09-06 02:44:12'),
(86, 90, '_', '2016-09-06 02:51:10'),
(87, 91, '_', '2016-09-06 02:52:21'),
(88, 92, '_', '2016-09-06 02:52:53'),
(89, 93, '_', '2016-09-06 02:53:51'),
(90, 94, '_', '2016-09-06 02:53:55'),
(91, 95, '_', '2016-09-06 02:55:37'),
(92, 96, '_', '2016-09-06 02:56:36'),
(93, 97, '_', '2016-09-06 02:57:49'),
(94, 98, '_', '2016-09-06 03:07:14'),
(95, 99, '_', '2016-09-06 03:08:33'),
(96, 100, '_', '2016-09-06 03:19:34'),
(97, 101, '_', '2016-09-06 03:20:17'),
(98, 102, '_', '2016-09-06 03:28:06'),
(99, 103, '_', '2016-09-06 03:28:11'),
(100, 104, '_', '2016-09-06 03:28:48'),
(101, 105, '_', '2016-09-06 03:29:17'),
(102, 106, '_', '2016-09-06 03:30:47'),
(103, 107, '_', '2016-09-06 03:31:06'),
(104, 108, '_', '2016-09-06 03:59:12'),
(105, 109, '_', '2016-09-06 03:59:25'),
(106, 110, '_', '2016-09-06 04:00:07'),
(107, 111, '_', '2016-09-06 04:00:31'),
(108, 112, '_', '2016-09-06 04:00:35'),
(109, 113, '_', '2016-09-06 04:16:37'),
(110, 114, '_', '2016-09-06 04:16:56'),
(111, 115, '_', '2016-09-06 04:17:18'),
(112, 116, '_', '2016-09-06 04:18:07'),
(113, 117, '_', '2016-09-06 05:51:12'),
(114, 118, '_', '2016-09-06 05:55:47'),
(115, 119, '_', '2016-09-06 05:56:09'),
(116, 120, '_', '2016-09-06 05:56:45'),
(117, 121, '_', '2016-09-06 06:10:39'),
(118, 122, '_', '2016-09-06 06:13:08'),
(119, 123, '_', '2016-09-06 06:13:57'),
(120, 124, '_', '2016-09-06 06:15:07'),
(121, 125, '_', '2016-09-06 06:15:09'),
(122, 126, '_', '2016-09-06 06:15:11'),
(123, 127, '_', '2016-09-06 07:17:25'),
(124, 128, '_', '2016-09-06 07:17:27'),
(125, 129, '_', '2016-09-06 07:17:29'),
(126, 130, '_', '2016-09-06 07:17:30'),
(127, 131, '_', '2016-09-06 07:17:32'),
(128, 132, '_', '2016-09-06 07:43:30'),
(129, 133, '_', '2016-09-06 07:43:42'),
(130, 134, '_', '2016-09-06 07:44:19'),
(131, 135, '_', '2016-09-06 07:44:57'),
(132, 136, '_', '2016-09-06 07:49:19'),
(133, 137, '_', '2016-09-06 07:52:12'),
(134, 138, '_', '2016-09-06 07:53:09'),
(135, 139, '_', '2016-09-06 08:00:16'),
(136, 140, '_', '2016-09-06 08:02:00'),
(137, 141, '_', '2016-09-06 08:02:38'),
(138, 142, '_', '2016-09-06 08:02:56'),
(139, 143, '_', '2016-09-06 08:03:15'),
(140, 144, '_', '2016-09-06 08:05:46'),
(141, 145, '_', '2016-09-06 08:05:51'),
(142, 146, '_', '2016-09-06 08:07:14'),
(143, 147, '_', '2016-09-06 08:08:44'),
(144, 148, '_', '2016-09-06 08:08:50'),
(145, 149, '_', '2016-09-06 08:10:14'),
(146, 150, '_', '2016-09-06 08:12:03'),
(147, 151, '_', '2016-09-06 08:12:42'),
(148, 152, '_', '2016-09-06 08:14:06'),
(149, 153, '_', '2016-09-06 08:16:56'),
(150, 154, '_', '2016-09-06 08:22:10'),
(151, 155, '_', '2016-09-06 08:22:46'),
(152, 156, '_', '2016-09-06 08:24:14'),
(153, 157, '_', '2016-09-06 09:01:59'),
(154, 158, '_', '2016-09-06 09:09:27'),
(155, 159, '_', '2016-09-06 09:15:27'),
(156, 160, '_', '2016-09-06 09:15:58'),
(157, 161, '_', '2016-09-06 09:17:26'),
(158, 162, '_', '2016-09-06 09:21:56'),
(159, 163, '_', '2016-09-06 10:39:04');

-- --------------------------------------------------------

--
-- 表的结构 `ac_user_base_info`
--

CREATE TABLE IF NOT EXISTS `ac_user_base_info` (
  `uid` int(11) NOT NULL AUTO_INCREMENT,
  `adlevel` tinyint(1) NOT NULL DEFAULT '0',
  `telephone` char(11) NOT NULL COMMENT '用户的登陆名,手机号',
  `password` varchar(32) NOT NULL COMMENT '密码',
  `stu_id` char(8) NOT NULL COMMENT '用户的学号',
  `access_token` char(128) DEFAULT NULL,
  `update_time` timestamp NOT NULL DEFAULT CURRENT_TIMESTAMP ON UPDATE CURRENT_TIMESTAMP,
  `umeng_id` varchar(24) DEFAULT ''' ''',
  PRIMARY KEY (`uid`),
  KEY `telephone` (`telephone`)
) ENGINE=InnoDB  DEFAULT CHARSET=utf8 AUTO_INCREMENT=164 ;

--
-- 转存表中的数据 `ac_user_base_info`
--

INSERT INTO `ac_user_base_info` (`uid`, `adlevel`, `telephone`, `password`, `stu_id`, `access_token`, `update_time`, `umeng_id`) VALUES
(1, 1, '15896193612', 'cxh1234567', '59670868', '3eb436281264285cfa0d429a44b14617714371c8d2d7bcc5e1accc72735fd98d7d7fc757bd74f021bc460eac18156192843816bbfcca11cf55a34dbc517fc482', '2016-08-28 17:11:37', ''),
(2, 0, '15896193612', 'cxh1234567', '77296394', '3eb436281264285cfa0d429a44b14617714371c8d2d7bcc5e1accc72735fd98d7d7fc757bd74f021bc460eac18156192843816bbfcca11cf55a34dbc517fc482', '2016-08-28 17:11:38', ''),
(3, 0, '15896110759', 'cxh1234567', '12570763', '3eb436281264285cfa0d429a44b14617714371c8d2d7bcc5e1accc72735fd98da53758a72748d8d3c77a35293b2fea764f8c47295a565751b3bb56a626d47afe', '2016-08-28 17:13:27', ''),
(4, 0, '15896179781', 'cxh1234567', '20979794', '3eb436281264285cfa0d429a44b14617714371c8d2d7bcc5e1accc72735fd98dcc35783bfaa759c093e94a426f1389f581c35c10a965bd981cbfbf19c286efc0', '2016-08-28 17:19:54', ''),
(5, 0, '15896160304', 'cxh1234567', '44450471', '3eb436281264285cfa0d429a44b14617714371c8d2d7bcc5e1accc72735fd98dd87af195ac248a4598af46567ca12f9744d892beebe02633026ef1a5db89a7f7', '2016-08-28 17:36:52', ''),
(6, 0, '15896160474', 'cxh1234567', '23825249', '3eb436281264285cfa0d429a44b14617714371c8d2d7bcc5e1accc72735fd98d8967e7cd62de282519c2448b4c5251d3a11cd79fb3ec12efb98b1ca43f7831c2', '2016-08-29 01:13:52', ''),
(7, 1, '15195861108', 'e10adc3949ba59abbe56e057f20f883e', '96973449', '3eb436281264285cfa0d429a44b14617714371c8d2d7bcc5e1accc72735fd98d9d026169d445c3834203b6c341ab156b285b9c02c3eb20138d2f69f29697142c', '2016-08-29 01:34:59', ''),
(10, 0, '15896160557', 'cxh1234567', '93578247', '3eb436281264285cfa0d429a44b14617714371c8d2d7bcc5e1accc72735fd98d53d3c5e30dcda5fd996f086cae924f1731308b3554fbced5524c740aee165e00', '2016-08-29 01:48:25', ''),
(12, 0, '15896119172', 'cxh1234567', '99103031', '3eb436281264285cfa0d429a44b14617714371c8d2d7bcc5e1accc72735fd98de1d98399621e5d1d6800b1d8765465cabfd3484287b3610a3e424eadbd9d02cc', '2016-08-29 02:06:39', ''),
(13, 0, '15896160100', 'cxh1234567', '50519211', '3eb436281264285cfa0d429a44b14617714371c8d2d7bcc5e1accc72735fd98d87e2765f6e518c848bd16caf0dc87bf0b1a9c5b463a4b3038624fa7c44484f54', '2016-08-29 02:07:06', ''),
(14, 0, '15896153684', 'cxh1234567', '11787321', '3eb436281264285cfa0d429a44b14617714371c8d2d7bcc5e1accc72735fd98db0a2b776b0fd447a470c40373424f0329d3c45b987d8eea58b084ab43a9b6f09', '2016-08-29 02:07:55', ''),
(15, 0, '15896139739', 'cxh1234567', '76328001', '3eb436281264285cfa0d429a44b14617714371c8d2d7bcc5e1accc72735fd98d06ed34d966bfd431cab17f61dfb56fb755d7c796fc60d76fd6e79680fc15275f', '2016-08-29 02:08:14', ''),
(16, 0, '15896125889', 'cxh1234567', '44462875', '3eb436281264285cfa0d429a44b14617714371c8d2d7bcc5e1accc72735fd98db7b27fb964453c5a7f02f03a90494d7e64f9e101ea0991a5f2fdf8f706e5a5d9', '2016-08-29 02:09:19', ''),
(17, 0, '15896170905', 'cxh1234567', '58856689', '3eb436281264285cfa0d429a44b14617714371c8d2d7bcc5e1accc72735fd98d3b425dee9b05b47c99766f4d84db1473059866f9f98e2d245d08bdecf76ad343', '2016-08-29 02:10:58', ''),
(18, 0, '15896128022', 'cxh1234567', '32190975', '3eb436281264285cfa0d429a44b14617714371c8d2d7bcc5e1accc72735fd98d2135d7421f8906f55c7193175be2815523c35e75236b64352e37161ceb2086eb', '2016-08-29 02:34:04', ''),
(19, 0, '15896115650', 'cxh1234567', '65377214', '3eb436281264285cfa0d429a44b14617714371c8d2d7bcc5e1accc72735fd98d003a3447bd056299147a29e52e3e5d13d4345dc6579eb0493b61a29970912f01', '2016-08-29 02:38:54', ''),
(20, 0, '15896148397', 'cxh1234567', '63877021', '3eb436281264285cfa0d429a44b14617714371c8d2d7bcc5e1accc72735fd98deffa8e0b0c8a45f9856964c120e6da8801fd55dc46efecc23c193172162e90c4', '2016-08-29 02:41:26', ''),
(21, 0, '15896190480', 'cxh1234567', '29420250', '3eb436281264285cfa0d429a44b14617714371c8d2d7bcc5e1accc72735fd98de51904e69b99fdb34540403ba457e45b1479851f19b88522d4f2ef60fd4217c8', '2016-08-29 02:43:54', ''),
(22, 0, '15896165359', 'cxh1234567', '27510340', '3eb436281264285cfa0d429a44b14617714371c8d2d7bcc5e1accc72735fd98dbdd7dcd112ff6d4b8fc75f37f91f6d25266dbfebe58faacfdbe2d43c3d80ec97', '2016-08-29 02:45:23', ''),
(23, 0, '15896144175', 'cxh1234567', '20978396', '3eb436281264285cfa0d429a44b14617714371c8d2d7bcc5e1accc72735fd98de320017159f4997ea6d12b3726abe85b08beae840f067f66155b9c8ef5c7d1db', '2016-08-29 02:45:35', ''),
(24, 0, '15896184914', 'cxh1234567', '25601166', '3eb436281264285cfa0d429a44b14617714371c8d2d7bcc5e1accc72735fd98d609239e65aa3ad3f20308acab52e4974c0f7db3b60e7b1944985fd74df2cd9dc', '2016-08-29 02:52:39', ''),
(25, 0, '15896129110', 'cxh1234567', '33116489', '3eb436281264285cfa0d429a44b14617714371c8d2d7bcc5e1accc72735fd98d4fa4eafb79bccd14c1ee24daacb3ce028ce6a199d29049d6e0e0d77517a662d9', '2016-08-29 02:53:25', ''),
(26, 0, '15896114648', 'cxh1234567', '40072310', '3eb436281264285cfa0d429a44b14617714371c8d2d7bcc5e1accc72735fd98d7a802273b5d5c0a2b11d3feae42266957601afc48bdca29e65e04345e3efc822', '2016-08-29 03:01:27', ''),
(27, 0, '15896184440', 'cxh1234567', '33801435', '3eb436281264285cfa0d429a44b14617714371c8d2d7bcc5e1accc72735fd98d4d455792a4062787c5ae8fbee68e2bd6bcb606062423051c307631d37a04e80b', '2016-08-29 03:04:20', ''),
(28, 0, '15896196493', 'cxh1234567', '15717460', '3eb436281264285cfa0d429a44b14617714371c8d2d7bcc5e1accc72735fd98db38dc0e965b55a1adce743eef1377cf321bf97f94fc570fc731965ba630708f5', '2016-08-29 03:36:52', ''),
(29, 0, '15896179846', 'cxh1234567', '31648942', '3eb436281264285cfa0d429a44b14617714371c8d2d7bcc5e1accc72735fd98d22521b7a8f158e3624b90a8c87816b7726b6d9aebaf5279dee96e0a7e97cf52b', '2016-08-29 07:00:17', ''),
(30, 0, '15896148631', 'cxh1234567', '30371329', '3eb436281264285cfa0d429a44b14617714371c8d2d7bcc5e1accc72735fd98d46bc502b9ef5894c4895ebda84ac81ac64d7fd3bdb911bf77305c617b38c99c3', '2016-08-29 07:02:01', ''),
(31, 0, '15896136219', 'cxh1234567', '39551973', '3eb436281264285cfa0d429a44b14617714371c8d2d7bcc5e1accc72735fd98de09b6e00d1cfc7983fd7006649b3c4c3f739e98cd718d574398d51111421b232', '2016-08-29 07:11:04', ''),
(32, 0, '15896146087', 'cxh1234567', '58786689', '3eb436281264285cfa0d429a44b14617714371c8d2d7bcc5e1accc72735fd98d883afd86076446a681363c6ab09e55dde21f90add30d0058541c3810600170dc', '2016-08-29 07:13:30', ''),
(33, 0, '15896124998', 'cxh1234567', '93507870', '3eb436281264285cfa0d429a44b14617714371c8d2d7bcc5e1accc72735fd98d3dcd5a32bca6371851221780342087fbe06fb6b6bb8211a8f634b46d19a4e874', '2016-08-29 07:13:44', ''),
(34, 0, '15896179234', 'cxh1234567', '30985993', '3eb436281264285cfa0d429a44b14617714371c8d2d7bcc5e1accc72735fd98d223aee4521b2bfff4bb51ba878b5137c80751138bcc3dfe8f17ec40d6394ec57', '2016-08-29 07:43:02', ''),
(35, 0, '15896144913', 'cxh1234567', '11903054', '3eb436281264285cfa0d429a44b14617714371c8d2d7bcc5e1accc72735fd98df303d8dc601108e0b06e61f7391dcaf441954bc27b34753b60bf0ccf40c328e3', '2016-08-29 07:44:00', ''),
(36, 0, '15896112513', 'cxh1234567', '47656145', '3eb436281264285cfa0d429a44b14617714371c8d2d7bcc5e1accc72735fd98d455ee3953ca488a413b0c0c94d085ef27fd2717b6555efe494d49088056a87b9', '2016-08-29 07:44:30', ''),
(37, 0, '15896137479', 'cxh1234567', '11417205', '3eb436281264285cfa0d429a44b14617714371c8d2d7bcc5e1accc72735fd98ddb4aef08f61ae5d6d059ca92a3065a0e148cd65099c80383d9991428a0fcce2d', '2016-08-29 07:45:01', ''),
(38, 0, '15896181421', 'cxh1234567', '49552044', '3eb436281264285cfa0d429a44b14617714371c8d2d7bcc5e1accc72735fd98d6d8eb077bf09fbe63a1903155a9e90c5a09eb26a9d84fb00c03b285598515e98', '2016-08-29 07:45:16', ''),
(39, 0, '15896180195', 'cxh1234567', '53250832', '3eb436281264285cfa0d429a44b14617714371c8d2d7bcc5e1accc72735fd98df3a42713e45df142812fb700e0bebef6e4cd7819b3f4d8faeed3980ec4b9fd93', '2016-08-29 07:46:04', ''),
(40, 0, '15896112109', 'cxh1234567', '67122741', '3eb436281264285cfa0d429a44b14617714371c8d2d7bcc5e1accc72735fd98d76d8ed477739b5beef2aebf215488d8d44f2f619920bced355b98b25fb2b3585', '2016-08-29 07:46:15', ''),
(41, 0, '15896169340', 'cxh1234567', '32282535', '3eb436281264285cfa0d429a44b14617714371c8d2d7bcc5e1accc72735fd98def31c80562f99debd2051b726be0434a059f01c5f6395b13c86777fa463bd25b', '2016-08-29 07:55:51', ''),
(42, 0, '15896171979', 'cxh1234567', '51743362', '3eb436281264285cfa0d429a44b14617714371c8d2d7bcc5e1accc72735fd98dd1d60e8f00c4a754aef92b0c8caca02708b388dafd77b5321b03324a6bc1a5b6', '2016-08-29 07:55:56', ''),
(43, 0, '15896190258', 'cxh1234567', '57969870', '3eb436281264285cfa0d429a44b14617714371c8d2d7bcc5e1accc72735fd98dafb329465f02c10af4ae39c69771d86165d264332c53d1371053a1059303f1fe', '2016-08-29 07:56:07', ''),
(44, 0, '15896164674', 'cxh1234567', '32602312', '3eb436281264285cfa0d429a44b14617714371c8d2d7bcc5e1accc72735fd98d79130b822d5898314107cc9042f49fe9784a3302f70a45d77da74feb4286f911', '2016-08-29 09:09:16', ''),
(45, 0, '15896134123', 'cxh1234567', '75750966', '3eb436281264285cfa0d429a44b14617714371c8d2d7bcc5e1accc72735fd98d28ecccc27c962a326acee10970a07ff231964e2a597c8ae96da802a7af9b2239', '2016-08-29 09:11:04', ''),
(46, 0, '15896196081', 'cxh1234567', '77297526', '3eb436281264285cfa0d429a44b14617714371c8d2d7bcc5e1accc72735fd98de7dab42054170f3546e1a0b401053866a89df84000581f389a77f8a8893ce787', '2016-08-29 09:14:07', ''),
(47, 0, '15896130851', 'cxh1234567', '72589709', '3eb436281264285cfa0d429a44b14617714371c8d2d7bcc5e1accc72735fd98dbba779b9ce4a53a11ee65d01f87d9ea3bfcfe7a2f26cae91ed1e1baed858f1f2', '2016-08-29 09:14:43', ''),
(48, 0, '15896163558', 'cxh1234567', '77912794', '3eb436281264285cfa0d429a44b14617714371c8d2d7bcc5e1accc72735fd98d2f7edc0f69a9fa6a9eb5fec5343c00e4e1c5121dae8c42868da7d368b4833eb9', '2016-08-29 14:14:34', ''),
(49, 0, '15896185976', 'cxh1234567', '39328633', '3eb436281264285cfa0d429a44b14617714371c8d2d7bcc5e1accc72735fd98ddcb44dc9a96112617a94b3d59adc877c893842f776d2b0315f3d5bf502ce7d82', '2016-08-29 14:32:10', ''),
(50, 0, '15896120044', 'cxh1234567', '76636786', '3eb436281264285cfa0d429a44b14617714371c8d2d7bcc5e1accc72735fd98dc4f53dc2570b6f84ec5659a9d2e6eee0f910a18de4654e8ecd1337f7003c439b', '2016-08-29 14:34:32', ''),
(51, 0, '15896186343', 'cxh1234567', '31580014', '3eb436281264285cfa0d429a44b14617714371c8d2d7bcc5e1accc72735fd98ddfb01c1f2b70ed54189d23f3664d294e8cd8c8a9f8c09f086976f7c56076fdd1', '2016-08-29 14:35:47', ''),
(52, 0, '15896164896', 'cxh1234567', '67261464', '3eb436281264285cfa0d429a44b14617714371c8d2d7bcc5e1accc72735fd98d3e8a602c994480e0dc5dd79eb3eea570f12a1e59a83b7b5e7123bb4225380ca4', '2016-08-29 14:37:08', ''),
(53, 0, '15896113544', 'cxh1234567', '69526738', '3eb436281264285cfa0d429a44b14617714371c8d2d7bcc5e1accc72735fd98dd742070073e1ddc3311757ec458a1e63ae05ae9ed84a60e7e98327801bee7a76', '2016-08-29 16:18:37', ''),
(54, 0, '15896180655', 'cxh1234567', '50327841', '3eb436281264285cfa0d429a44b14617714371c8d2d7bcc5e1accc72735fd98dfaa045318457a143f9add93e5f153b55013c1a407454075d79339a6ee742dea6', '2016-08-29 16:23:07', ''),
(55, 0, '15896117899', 'cxh1234567', '49968098', '3eb436281264285cfa0d429a44b14617714371c8d2d7bcc5e1accc72735fd98ddb18644ec93dd7cb2684cedd91a6d8667735f878a92f613c32d2bdc5ee828c41', '2016-09-04 12:45:07', ''),
(56, 0, '15896149484', 'cxh1234567', '86429705', '3eb436281264285cfa0d429a44b14617714371c8d2d7bcc5e1accc72735fd98df1493159e4d563f19dd1bcfdc6b9d887de4285f89b099e7a5b2420a1cfcd2aea', '2016-09-04 12:46:10', ''),
(57, 0, '15896158979', 'cxh1234567', '95098956', '3eb436281264285cfa0d429a44b14617714371c8d2d7bcc5e1accc72735fd98d8aad65818a4bd648f197ef7b8d258aafb6cbfa12a3560641660736074995bf79', '2016-09-04 12:46:45', ''),
(58, 0, '15896126195', 'cxh1234567', '16240568', '3eb436281264285cfa0d429a44b14617714371c8d2d7bcc5e1accc72735fd98d39729967da1c0d234fa65a14a20fcefeacb95deb0a5de0a3e84f1bc801f1706a', '2016-09-04 12:47:44', ''),
(59, 0, '15896149032', 'cxh1234567', '31508883', '3eb436281264285cfa0d429a44b14617714371c8d2d7bcc5e1accc72735fd98d5a6beb1e2761c41e1729956195e4b29c8351376e8d97ac2e392536ec8427f0e4', '2016-09-04 14:17:28', ''),
(60, 0, '15896121668', 'cxh1234567', '60273662', '3eb436281264285cfa0d429a44b14617714371c8d2d7bcc5e1accc72735fd98dbf4d7d47c10a60a19b882ad70b817d6ef52a462591b75cfc652ea107508f5d01', '2016-09-04 14:19:51', ''),
(61, 0, '15896147872', 'cxh1234567', '46605257', '3eb436281264285cfa0d429a44b14617714371c8d2d7bcc5e1accc72735fd98de860cd1e4131b83636818979d2116a7aae6de55524e8350ba064ae5e49aa2953', '2016-09-04 14:23:43', ''),
(62, 0, '15896173632', 'cxh1234567', '69469414', '3eb436281264285cfa0d429a44b14617714371c8d2d7bcc5e1accc72735fd98dee63b23ec6ee44797c22138edad3b4702c23c62d893557e55c40d7291b46536d', '2016-09-04 14:46:26', ''),
(63, 0, '15896176186', 'cxh1234567', '82982905', '3eb436281264285cfa0d429a44b14617714371c8d2d7bcc5e1accc72735fd98db037eea4f6aa73bb7bef9a4d2704f801391df77d0f0fd92b25ba8b0a88872dde', '2016-09-04 14:51:08', ''),
(64, 0, '15896143772', 'cxh1234567', '94308119', '3eb436281264285cfa0d429a44b14617714371c8d2d7bcc5e1accc72735fd98d864fb7dec9c42d9b67ceb16cd8d38ebe227dcb73117723663628ff051c3436d5', '2016-09-04 14:52:24', ''),
(65, 0, '15896182895', 'cxh1234567', '96527882', '3eb436281264285cfa0d429a44b14617714371c8d2d7bcc5e1accc72735fd98d5e329c86802ac0d277f140a02e86907edda543c6e94e5aec7546a540a69075ec', '2016-09-04 14:57:11', ''),
(66, 0, '15896145354', 'cxh1234567', '65190789', '3eb436281264285cfa0d429a44b14617714371c8d2d7bcc5e1accc72735fd98dd2a9f5f7b568d5093fba31fb2cfb39b6f84061db3de9f6ad0907751add91fe70', '2016-09-05 02:00:01', ''),
(67, 0, '15896143763', 'cxh1234567', '26824495', '3eb436281264285cfa0d429a44b14617714371c8d2d7bcc5e1accc72735fd98de35696a66ba048b6da9f871e3f3ee3face044e60f86072541a9f11fc5a0c9976', '2016-09-05 02:35:39', ''),
(68, 0, '15896121225', 'cxh1234567', '37975478', '3eb436281264285cfa0d429a44b14617714371c8d2d7bcc5e1accc72735fd98dc63371d399f278ce55d6af166c7286be5f595c4dd0d8c0205cbfe799071cf75a', '2016-09-05 02:36:41', ''),
(69, 0, '15896157797', 'cxh1234567', '50830700', '3eb436281264285cfa0d429a44b14617714371c8d2d7bcc5e1accc72735fd98d91a2a3bb9ce32510f4728ea15e69a6bb4edf6bcaff9525179292c19d2120d539', '2016-09-05 02:37:57', ''),
(70, 0, '15896169352', 'cxh1234567', '87993944', '3eb436281264285cfa0d429a44b14617714371c8d2d7bcc5e1accc72735fd98dc68dc7f56ae2fd77ace846fcbc686a8119004c3f05b55e8e6266c29992823c98', '2016-09-05 02:57:27', ''),
(71, 0, '15896154411', 'cxh1234567', '83212249', '3eb436281264285cfa0d429a44b14617714371c8d2d7bcc5e1accc72735fd98da6103e1ce89fbbf501d1a460093fe6eb4148e5497ed2376ff00f6af094a12495', '2016-09-05 08:51:23', '0'),
(72, 0, '15896134203', 'cxh1234567', '76638537', '3eb436281264285cfa0d429a44b14617714371c8d2d7bcc5e1accc72735fd98d554da0eb04856210faddad27127f50ff8fa74e1ff02e441b8fa62d1240265321', '2016-09-05 08:52:38', '0'),
(73, 0, '15896151520', 'cxh1234567', '40758517', '3eb436281264285cfa0d429a44b14617714371c8d2d7bcc5e1accc72735fd98d1e31334a4657013b31bb80ebd2c932094266ca6ebe2c1048872274bcf493eedb', '2016-09-05 08:53:08', ''' '''),
(74, 0, '15896114230', 'cxh1234567', '34721730', '3eb436281264285cfa0d429a44b14617714371c8d2d7bcc5e1accc72735fd98db56fc3b5e180a10415e096491793a62dec9c27618501402d58099cb0339d5794', '2016-09-05 08:53:56', ''' '''),
(75, 0, '15896131061', 'cxh1234567', '25073787', '3eb436281264285cfa0d429a44b14617714371c8d2d7bcc5e1accc72735fd98d56b18b85467261e189aa27a2e02c9d176313e4e34d761f649c95b00aa94c0dab', '2016-09-05 09:01:33', ''' '''),
(76, 0, '15896186595', 'cxh1234567', '28835852', '3eb436281264285cfa0d429a44b14617714371c8d2d7bcc5e1accc72735fd98d7649a2f1c5cc520fafc362d713395c52c1cb708d5c0d47588eee12edfcfeacca', '2016-09-05 09:02:13', ''' '''),
(77, 0, '15896174517', 'cxh1234567', '62896890', '3eb436281264285cfa0d429a44b14617714371c8d2d7bcc5e1accc72735fd98d9972a5ebc99d7a55241f9b8f3e21b4168eff1fa8f15a903eca0f22ad9f56b8c1', '2016-09-05 09:02:40', ''' '''),
(78, 0, '15896131972', 'cxh1234567', '23526707', '3eb436281264285cfa0d429a44b14617714371c8d2d7bcc5e1accc72735fd98deb58b1186a944f40427794d459f0dc864b9a0a10b796bcb33455f9d5446c9c41', '2016-09-05 09:03:07', ''' '''),
(79, 0, '15896169385', 'cxh1234567', '75865922', '3eb436281264285cfa0d429a44b14617714371c8d2d7bcc5e1accc72735fd98dcb53d339dc309480815e95de305b1ea8b73251bdbe24d99a90e329be0d2d5449', '2016-09-05 09:05:55', ''' '''),
(80, 0, '15896127449', 'cxh1234567', '85998535', '3eb436281264285cfa0d429a44b14617714371c8d2d7bcc5e1accc72735fd98ddcbfb7dd146cb418bc38ed5cb02b64272a6a5e24f4f8b0523a9e035aed2adc7b', '2016-09-05 09:06:37', '57cd359dd36ef353a5c2db'),
(81, 0, '15896158303', 'cxh1234567', '96873775', '3eb436281264285cfa0d429a44b14617714371c8d2d7bcc5e1accc72735fd98d9c951b8ee3e5138cc03d002bef0b85ad33344312fbeda8f8923e805829757d7c', '2016-09-05 09:07:00', ''' '''),
(82, 0, '15896153027', 'cxh1234567', '54944116', '3eb436281264285cfa0d429a44b14617714371c8d2d7bcc5e1accc72735fd98d058b1fd8e84f1b7ee69459be9875ee32d802caffec93ac8d5f903822260bb615', '2016-09-05 09:07:10', '57c8f7f5b9a99673549edaef'),
(83, 0, '15896137693', 'cxh1234567', '54129473', '3eb436281264285cfa0d429a44b14617714371c8d2d7bcc5e1accc72735fd98dd7b4267f0486d9ab46da2c8eb5008d99991a4e1b920ce5e156071cc5c8c2d251', '2016-09-05 09:09:02', '57cd362ed36ef353a5c2dba3'),
(84, 0, '15896155351', 'cxh1234567', '11029265', '3eb436281264285cfa0d429a44b14617714371c8d2d7bcc5e1accc72735fd98d4704c5ebdda3bbc019a91dde57fcaf1531c1879ba633db92508fd164527e6781', '2016-09-05 09:09:26', '57cd3645d36ef3d9adcfa7fe'),
(85, 0, '15996198251', 'cxh1234567', '47684919', '3eb436281264285cfa0d429a44b14617714371c8d2d7bcc5e1accc72735fd98d86dc8032f8962667cd37962d4cd6a22f4617e731b399c1a6cd9cce2debf5982d', '2016-09-05 09:15:59', '57cd37cfb9a9967eb0367d76'),
(86, 0, '15996151974', 'cxh1234567', '78908354', '3eb436281264285cfa0d429a44b14617714371c8d2d7bcc5e1accc72735fd98dc90aca60a14ccb6b444522b9aa756e992e2aee39e27be64f9d22d297aeb53a3c', '2016-09-05 09:16:28', '57cd37ebd36ef353a5c2dce0'),
(87, 0, '15051839068', 'sheryl', '34332075', '3eb436281264285cfa0d429a44b14617714371c8d2d7bcc5e1accc72735fd98d431f9727ac68bb6385926c98ad70b03ba7b106b14b1c8372bf4eb451a7254090', '2016-09-06 02:40:59', ''' '''),
(88, 0, '15051839068', 'sheryl', '20498092', '3eb436281264285cfa0d429a44b14617714371c8d2d7bcc5e1accc72735fd98d431f9727ac68bb6385926c98ad70b03ba7b106b14b1c8372bf4eb451a7254090', '2016-09-06 02:43:24', ''' '''),
(89, 0, '15051839068', 'sheryl', '70701204', '3eb436281264285cfa0d429a44b14617714371c8d2d7bcc5e1accc72735fd98d431f9727ac68bb6385926c98ad70b03ba7b106b14b1c8372bf4eb451a7254090', '2016-09-06 02:44:12', '57ce2cbbd36ef3844fc98a2b'),
(90, 0, '15996140412', 'cxh1234567', '36945684', '3eb436281264285cfa0d429a44b14617714371c8d2d7bcc5e1accc72735fd98d574e6b25d552869d1fc81a1dbe0c8615e194ca11d226737b147f25833b744ff9', '2016-09-06 02:51:10', '57ce2f1dd36ef3844fc98c2e'),
(91, 0, '15996170815', 'cxh1234567', '79103148', '3eb436281264285cfa0d429a44b14617714371c8d2d7bcc5e1accc72735fd98d8e3ceff525e5c7ce12cd0ce8ec66d7737bed04358ffded6350886892de9be37c', '2016-09-06 02:52:21', '57ce2f65b9a9963c9c27c068'),
(92, 0, '15996136746', 'cxh1234567', '40978597', '3eb436281264285cfa0d429a44b14617714371c8d2d7bcc5e1accc72735fd98d83dff7ac1bcc569772f38809b33bbb1811a697b1e3e196c0e80a445a55447abd', '2016-09-06 02:52:53', '57ce2f84d36ef3d9adcfcd40'),
(93, 0, '15996127869', 'cxh1234567', '76590178', '3eb436281264285cfa0d429a44b14617714371c8d2d7bcc5e1accc72735fd98d435d39027fa3125d624b37b7529ecdb8d01dd0979e69b3cf898d77ab08b99477', '2016-09-06 02:53:51', '57ce2fbfb9a9964260600ef8'),
(94, 0, '15996121193', 'cxh1234567', '15408671', '3eb436281264285cfa0d429a44b14617714371c8d2d7bcc5e1accc72735fd98dbf4ae49fc2623f087ca5cbcf82592e256d4b8c3f16d0d998956bb211c6e2bcee', '2016-09-06 02:53:55', '57ce2fc3d36ef3d9adcfcd6c'),
(95, 0, '15996133347', 'cxh1234567', '26137287', '3eb436281264285cfa0d429a44b14617714371c8d2d7bcc5e1accc72735fd98dbe1fc3eace4b100274f4a45bc8ee7b9ccc7356055d1bc331a5c5948987bdc102', '2016-09-06 02:55:37', '57ce3029d36ef3844fc98cda'),
(96, 0, '15996157273', 'cxh1234567', '40912977', '3eb436281264285cfa0d429a44b14617714371c8d2d7bcc5e1accc72735fd98d4d138dc5fc18fd52fd2cc82f94a23b5446c22fa5b474fafed4695a0099586d74', '2016-09-06 02:56:36', '57ce3064b9a996566bef6681'),
(97, 0, '15996136786', 'cxh1234567', '95413019', '3eb436281264285cfa0d429a44b14617714371c8d2d7bcc5e1accc72735fd98d1ccc6c61b0163ef556760142e2e4a5b245e44261008a462a3520f8b6892b7f78', '2016-09-06 02:57:49', '57ce30adb9a9961408fe4a24'),
(98, 0, '15996119161', 'cxh1234567', '19983439', '3eb436281264285cfa0d429a44b14617714371c8d2d7bcc5e1accc72735fd98dd5092faed97185ec1e03e36c88b073645f78a2ad333ca1a51ffb01d0d009af70', '2016-09-06 03:07:14', '57ce32e2d36ef3d9adcfce6f'),
(99, 0, '15051839068', 'sheryl', '58446790', '3eb436281264285cfa0d429a44b14617714371c8d2d7bcc5e1accc72735fd98d431f9727ac68bb6385926c98ad70b03ba7b106b14b1c8372bf4eb451a7254090', '2016-09-06 03:08:33', '57ce2cbbd36ef3844fc98a2b'),
(100, 0, '15996161380', 'cxh1234567', '23822341', '3eb436281264285cfa0d429a44b14617714371c8d2d7bcc5e1accc72735fd98d4c0384179930ca3741fed58cd09cb0b06f40ad53f5930b71544c7b86bc21842f', '2016-09-06 03:19:34', '57ce35c6b9a9963c91104c55'),
(101, 0, '15996165029', 'cxh1234567', '83653877', '3eb436281264285cfa0d429a44b14617714371c8d2d7bcc5e1accc72735fd98dc75eed5a62fc02624d1e91ce4d30f6d43fb4e3a2f0d83e9fd454f8bc4d6f099a', '2016-09-06 03:20:17', '57ce35f1b9a99647c450abc3'),
(102, 0, '15996116952', 'cxh1234567', '22709129', '3eb436281264285cfa0d429a44b14617714371c8d2d7bcc5e1accc72735fd98dc164a216b746564c285588a4c8f6e5408107046eb6140e971a61d204c4ef9f4e', '2016-09-06 03:28:06', '57ce37c6d36ef330ae765ecc'),
(103, 0, '15996193289', 'cxh1234567', '63335957', '3eb436281264285cfa0d429a44b14617714371c8d2d7bcc5e1accc72735fd98d0a43df5ad73742aec77ed61bf9306dd4719a2029e57a9d2069a55f5efa01eca4', '2016-09-06 03:28:11', '57ce37cbd36ef330ae765edc'),
(104, 0, '15996125816', 'cxh1234567', '70802899', '3eb436281264285cfa0d429a44b14617714371c8d2d7bcc5e1accc72735fd98db5a90123d104372bfb6cf9dd45f75148ebac2d7342f95d8cd6abd7eb578e8b60', '2016-09-06 03:28:48', '57ce37f0b9a9965c03f6b111'),
(105, 0, '15996132990', 'cxh1234567', '44846771', '3eb436281264285cfa0d429a44b14617714371c8d2d7bcc5e1accc72735fd98dbbb1554b86975be205ea7966a190c5318d30d6a0fb46dce062f3d62f7e035215', '2016-09-06 03:29:17', '57ce380db9a9963c91104cc4'),
(106, 0, '15996156407', 'cxh1234567', '79665684', '3eb436281264285cfa0d429a44b14617714371c8d2d7bcc5e1accc72735fd98d7b86db2a249cf94b697b24352bea6aa8bb0e608c69358870c21618eb21ae9182', '2016-09-06 03:30:47', '57ce3867d36ef330ae765ef0'),
(107, 0, '15996185272', 'cxh1234567', '61827537', '3eb436281264285cfa0d429a44b14617714371c8d2d7bcc5e1accc72735fd98d8b8c154df00633d26d3e8e2459a5400e06a09b982e8fdb5e91d511f3056848b6', '2016-09-06 03:31:06', '57ce387ad36ef3844fc99234'),
(108, 0, '15996131121', 'cxh1234567', '85843944', '3eb436281264285cfa0d429a44b14617714371c8d2d7bcc5e1accc72735fd98db09f0224f997b39db320652d512751777cc33c7a23b351a8ce33bd63ce2ded4c', '2016-09-06 03:59:12', '57ce3f10d36ef3844fc9adc5'),
(109, 0, '15996145017', 'cxh1234567', '69428592', '3eb436281264285cfa0d429a44b14617714371c8d2d7bcc5e1accc72735fd98d9d5ce187d5787428721aebe988e059ef96d467a1c691773c75443e803ba3bb7b', '2016-09-06 03:59:25', '57ce3f1cd36ef3d9adcfda99'),
(110, 0, '15996165511', 'cxh1234567', '25150433', '3eb436281264285cfa0d429a44b14617714371c8d2d7bcc5e1accc72735fd98d5f1d569e11b03046cae61a1ad1d7fcee2430d57006d474739b4ea4d431a34e30', '2016-09-06 04:00:07', '57ce3f47d36ef3844fc9aedf'),
(111, 0, '15996144535', 'cxh1234567', '71416385', '3eb436281264285cfa0d429a44b14617714371c8d2d7bcc5e1accc72735fd98d68d9b32cd8c7f31a198c66e55cfb9bd750906b991ad8738fbffb08b086b9f68e', '2016-09-06 04:00:31', '57ce3f5fb9a9964e8ce3007e'),
(112, 0, '15996124073', 'cxh1234567', '59526364', '3eb436281264285cfa0d429a44b14617714371c8d2d7bcc5e1accc72735fd98d05ef8f25b921a43021e43cb2cad660f608c1d1c1c5c8830900f95e55ea9875be', '2016-09-06 04:00:35', '57ce3f62b9a99642606011d2'),
(113, 0, '15996176085', 'cxh1234567', '53728301', '3eb436281264285cfa0d429a44b14617714371c8d2d7bcc5e1accc72735fd98d573df7d0caa6d8aa0557d19bf7d5f626f9b7822178dd7453be7a5f5ec8ebbbc8', '2016-09-06 04:16:37', '57ce4324b9a9963c9110545b'),
(114, 0, '15996189767', 'cxh1234567', '24684590', '3eb436281264285cfa0d429a44b14617714371c8d2d7bcc5e1accc72735fd98d5c6191d005d72ace361675198e0005e16570524be8e70a03afa5a40bc3170f21', '2016-09-06 04:16:56', '57ce4338b9a9963c91105469'),
(115, 0, '15996194093', 'cxh1234567', '61826439', '3eb436281264285cfa0d429a44b14617714371c8d2d7bcc5e1accc72735fd98d7c5cd11c90f68f899185a993282da9b18efe65f4e5a14b0125a09bf746090c03', '2016-09-06 04:17:18', '57ce434ed36ef3d9adcfdfb9'),
(116, 0, '15996121674', 'cxh1234567', '50061685', '3eb436281264285cfa0d429a44b14617714371c8d2d7bcc5e1accc72735fd98d56e9372e3eaa3ee886345a5f346658b154971633bd6f04a7e111466d3ed18eee', '2016-09-06 04:18:07', '57ce437fb9a996566bef68fb'),
(117, 0, '15996140198', 'cxh1234567', '92318347', '3eb436281264285cfa0d429a44b14617714371c8d2d7bcc5e1accc72735fd98d9a1223948608735b9eba75e165b0fe654168dbafe0a8c389cbe00b7a3c6feacb', '2016-09-06 05:51:12', '57ce5950b9a9963c91105633'),
(118, 0, '15996126968', 'cxh1234567', '80698702', '3eb436281264285cfa0d429a44b14617714371c8d2d7bcc5e1accc72735fd98d1994325171c254535edb9786e22721bc29052f1495a823779d23e74463e9c113', '2016-09-06 05:55:47', '57ce5a63d36ef3c9e5153d4a'),
(119, 0, '15996131377', 'cxh1234567', '45545577', '3eb436281264285cfa0d429a44b14617714371c8d2d7bcc5e1accc72735fd98d8b491ad6572dc5e285392943e37e7ef16776fd970e1def620c3987a51bcd2a29', '2016-09-06 05:56:09', '57ce5a79d36ef3c9e5153d62'),
(120, 0, '15996199902', 'cxh1234567', '63183002', '3eb436281264285cfa0d429a44b14617714371c8d2d7bcc5e1accc72735fd98d324683b91b809d6cea6a47ba0fa8c56f90a21976b5f14df2d017885b4850fbf3', '2016-09-06 05:56:45', '57ce5a9cd36ef3c9e5153d82'),
(121, 0, '15996129928', 'cxh1234567', '56724613', '3eb436281264285cfa0d429a44b14617714371c8d2d7bcc5e1accc72735fd98da8558e7941188f0068430fc904a363d2c85fefa6398eed4a5c89ae5dac5adcc6', '2016-09-06 06:10:39', '57ce5ddfb9a9963af521034a'),
(122, 0, '15996166726', 'cxh1234567', '29106163', '3eb436281264285cfa0d429a44b14617714371c8d2d7bcc5e1accc72735fd98d40892664e21ee92920dfcd42f9d580164e65ae6b95d02d3695ebe71936a60294', '2016-09-06 06:13:08', '57ce5e73b9a9963c911056b0'),
(123, 0, '15996164508', 'cxh1234567', '74620611', '3eb436281264285cfa0d429a44b14617714371c8d2d7bcc5e1accc72735fd98d5e85cfe364e920ff2df414b72f26f09c166683f985b2e7ecf51c51db3c03bd84', '2016-09-06 06:13:57', '57ce5ea5b9a9965c03f6b6e2'),
(124, 0, '15996116142', 'cxh1234567', '36725017', '3eb436281264285cfa0d429a44b14617714371c8d2d7bcc5e1accc72735fd98d0e1c661f743ae668cf486427eaf8cea6d37723f7deb96d2aaea78f64b754c89a', '2016-09-06 06:15:07', '57ce5eebd36ef3c9e515407e'),
(125, 0, '15996196367', 'cxh1234567', '92630648', '3eb436281264285cfa0d429a44b14617714371c8d2d7bcc5e1accc72735fd98d52d4de87ab83d87a755ed7fc56fb6b2df0c2ed7183e3e067eb631389e1b8514f', '2016-09-06 06:15:09', '57ce5eedb9a996427da8c85b'),
(126, 0, '15996189959', 'cxh1234567', '47018515', '3eb436281264285cfa0d429a44b14617714371c8d2d7bcc5e1accc72735fd98d597f338ce2bfbb647c354b3cee85645b816ed5e5295e4b8272c26a862990cb30', '2016-09-06 06:15:11', '57ce5eeeb9a99645aab9d744'),
(127, 0, '15996158086', 'cxh1234567', '52028546', '3eb436281264285cfa0d429a44b14617714371c8d2d7bcc5e1accc72735fd98dc20b06ccddda05ebd2d99159a51508d16edeb3ee2351e82612d0d76b40511afa', '2016-09-06 07:17:25', '57ce6d85d36ef3c9e51549ed'),
(128, 0, '15996155900', 'cxh1234567', '12777505', '3eb436281264285cfa0d429a44b14617714371c8d2d7bcc5e1accc72735fd98d5bf338dee653e3f717676a22ba65af909be25410b07dc135a2552eec227767ad', '2016-09-06 07:17:27', '57ce6d87d36ef3c9e51549fb'),
(129, 0, '15996195722', 'cxh1234567', '41997405', '3eb436281264285cfa0d429a44b14617714371c8d2d7bcc5e1accc72735fd98d119cfae5ceceef153bdf5541aab1d478670c7e45bcfcb7e6168efff4bd369034', '2016-09-06 07:17:29', '57ce6d88b9a996427da8c90d'),
(130, 0, '15996178808', 'cxh1234567', '19576158', '3eb436281264285cfa0d429a44b14617714371c8d2d7bcc5e1accc72735fd98d2de67547199ae8d99336364382bce99b5f4f51949c03187fb5275ed5145eaf85', '2016-09-06 07:17:30', '57ce6d8ad36ef3c9e5154a0a'),
(131, 0, '15996115589', 'cxh1234567', '52133757', '3eb436281264285cfa0d429a44b14617714371c8d2d7bcc5e1accc72735fd98d0d6906470dd2b934d3c07a8e1b405ec59b3eb7095faf8edda5935b24f989c75a', '2016-09-06 07:17:32', '57ce6d8cb9a9963c91105829'),
(132, 0, '15996127144', 'cxh1234567', '87251623', '3eb436281264285cfa0d429a44b14617714371c8d2d7bcc5e1accc72735fd98d7c0bac9721388e11369ffc54dffe77bdf58f37dc7ad0c636635794d6162b0996', '2016-09-06 07:43:30', '57ce73a2d36ef3844fc9c6c8'),
(133, 0, '15996139346', 'cxh1234567', '61295928', '3eb436281264285cfa0d429a44b14617714371c8d2d7bcc5e1accc72735fd98d5b31dd5127a6a8e9d0403ce12462469fb28f1bb0251da2a8f06613226c4a7a74', '2016-09-06 07:43:42', '57ce73aed36ef3844fc9c6d9'),
(134, 0, '15996176054', 'cxh1234567', '41079343', '3eb436281264285cfa0d429a44b14617714371c8d2d7bcc5e1accc72735fd98dff3a7f4f0ca1ce3cd1aae1ba0c37a58a47e72d4f1345085d283a613278e1b162', '2016-09-06 07:44:19', '57ce73d3b9a9963c911058e8'),
(135, 0, '15996112946', 'cxh1234567', '55915933', '3eb436281264285cfa0d429a44b14617714371c8d2d7bcc5e1accc72735fd98de66ffe6145d037702828812a6856ed40c1f3497e40675c1c9c7b0078d32e3eb3', '2016-09-06 07:44:57', '57ce73f9b9a99647c450b5d6'),
(136, 0, '15996120965', 'cxh1234567', '80351234', '3eb436281264285cfa0d429a44b14617714371c8d2d7bcc5e1accc72735fd98d5a0a7f08279d4f7c2bb973bfaf9ac00be482578e1c8822226660e8699bccff5b', '2016-09-06 07:49:19', '57ce74ffd36ef3c9e5154e58'),
(137, 0, '15996132705', 'cxh1234567', '17576211', '3eb436281264285cfa0d429a44b14617714371c8d2d7bcc5e1accc72735fd98d0bfaddba3ceb6ba87c7fcb10a6a51c776818cb179534dac2c8827ff914a58699', '2016-09-06 07:52:12', '57ce75acd36ef3c9e5154ee0'),
(138, 0, '15996199473', 'cxh1234567', '51948227', '3eb436281264285cfa0d429a44b14617714371c8d2d7bcc5e1accc72735fd98d15f5f79dd1e59c8f563a1514a329686b0ae40f016e1fe7b33cc3b4d839b80fa2', '2016-09-06 07:53:09', '57ce75e4d36ef3c9e5154f1a'),
(139, 0, '15996145121', 'cxh1234567', '83325300', '3eb436281264285cfa0d429a44b14617714371c8d2d7bcc5e1accc72735fd98d5d1da1f98b9660252fc3eff3fe83142c178a856f3521c9392bd98eee27658a8e', '2016-09-06 08:00:16', '57ce7790b9a99645aab9da64'),
(140, 0, '15996131781', 'cxh1234567', '95989239', '3eb436281264285cfa0d429a44b14617714371c8d2d7bcc5e1accc72735fd98dcb0cd3ec67808893cd507a0c32776c728f0b5480b9722f0061ef7672383e95e0', '2016-09-06 08:02:00', '57ce77f7b9a9963c9c27d0b1'),
(141, 0, '15996171076', 'cxh1234567', '97426518', '3eb436281264285cfa0d429a44b14617714371c8d2d7bcc5e1accc72735fd98d8d5568f5fff31a7edd17dd8ba18f8364495488be318eb8da07d978e95448242b', '2016-09-06 08:02:38', '57ce781db9a9963ae4c42d8e'),
(142, 0, '15996174991', 'cxh1234567', '17754491', '3eb436281264285cfa0d429a44b14617714371c8d2d7bcc5e1accc72735fd98d92114aa96ad5a1060380752ad2911c74da5d60c4c5b4d0b24bd572cfee3bff9e', '2016-09-06 08:02:56', '57ce782fd36ef3c9e5155009'),
(143, 0, '15996165577', 'cxh1234567', '83426980', '3eb436281264285cfa0d429a44b14617714371c8d2d7bcc5e1accc72735fd98d5766c45ff739861992ca1709475301954807fbbdb0896300ccf62d975262ad28', '2016-09-06 08:03:15', '57ce7842d36ef3c9e5155025'),
(144, 0, '15996182007', 'cxh1234567', '21329417', '3eb436281264285cfa0d429a44b14617714371c8d2d7bcc5e1accc72735fd98d6538f30e56344042c45c2f3dcb1ec08130c0a914ae405c89eb7a96dc9fd28a14', '2016-09-06 08:05:46', '57ce78dad36ef3c9e51550c5'),
(145, 0, '15996158895', 'cxh1234567', '88734263', '3eb436281264285cfa0d429a44b14617714371c8d2d7bcc5e1accc72735fd98d603f508b0de0bf59f22e5efaae7187ee7bb4542aa6650bb534150283fefaa463', '2016-09-06 08:05:51', '57ce78dfd36ef3c9e51550d4'),
(146, 0, '15996170648', 'cxh1234567', '66156983', '3eb436281264285cfa0d429a44b14617714371c8d2d7bcc5e1accc72735fd98d44f3d45ef34cd401cc5c9c95d07a53c3fa6cdd4bb1f6f20cb5d81c41be408912', '2016-09-06 08:07:14', '57ce7931b9a9963c9c27d0df'),
(147, 0, '15996195091', 'cxh1234567', '18666260', '3eb436281264285cfa0d429a44b14617714371c8d2d7bcc5e1accc72735fd98df6f8c51712f55d56d6c477795399a582e86ad0f4af34410ec1a14a3f07a12531', '2016-09-06 08:08:44', '57ce798bb9a9961408fe4e1f'),
(148, 0, '15996120485', 'cxh1234567', '61082187', '3eb436281264285cfa0d429a44b14617714371c8d2d7bcc5e1accc72735fd98dd703e2641e74c7a44606329bc35dd412d2ac2f5b272d63c0d0ee0ceb71031959', '2016-09-06 08:08:50', '57ce7992d36ef3c9e5155142'),
(149, 0, '15996176149', 'cxh1234567', '95059181', '3eb436281264285cfa0d429a44b14617714371c8d2d7bcc5e1accc72735fd98d36026c75e2122024bef1af835d0a7dcac300e5413e9c3875899ecb42ff7a3457', '2016-09-06 08:10:14', '57ce79e6d36ef3c9e5155172'),
(150, 0, '15996150594', 'cxh1234567', '71942792', '3eb436281264285cfa0d429a44b14617714371c8d2d7bcc5e1accc72735fd98d96906b1125ab157854d4d833b695d1b5309547e9e6ac751934c464c0dcba8ae3', '2016-09-06 08:12:03', '57ce7a53d36ef3844fc9c7a3'),
(151, 0, '15996189647', 'cxh1234567', '15722128', '3eb436281264285cfa0d429a44b14617714371c8d2d7bcc5e1accc72735fd98d3b906c0d935c5629caf34e2a41804856a6b6ca50a5d6d2a85048d8b4abec5a91', '2016-09-06 08:12:42', '57ce7a79d36ef336e4e9d24c'),
(152, 0, '15996131532', 'cxh1234567', '43837807', '3eb436281264285cfa0d429a44b14617714371c8d2d7bcc5e1accc72735fd98d8629bca83ee557a92cfcf43aa604e18fbac69108373b5d10f5d6471fd5d31067', '2016-09-06 08:14:06', '57ce7aced36ef3c9e5155235'),
(153, 0, '15996151843', 'cxh1234567', '98312764', '3eb436281264285cfa0d429a44b14617714371c8d2d7bcc5e1accc72735fd98dcef679ce04e725c104fd30ef1be1bda7b8fcf05d9b3819d5831bf3f43518d81a', '2016-09-06 08:16:56', '57ce7b78b9a9963c91105979'),
(154, 0, '15996132456', 'cxh1234567', '48789257', '3eb436281264285cfa0d429a44b14617714371c8d2d7bcc5e1accc72735fd98d76883c2573a610593272916fa7fc204e1ff7c5bcbdedb3a878a68ed280c262c2', '2016-09-06 08:22:10', '57ce7cb1b9a9963c9c27d174'),
(155, 0, '15996116413', 'cxh1234567', '50442520', '3eb436281264285cfa0d429a44b14617714371c8d2d7bcc5e1accc72735fd98d8dcbdaa6e3cdb753673b5e99f482d8a8fb4e88e2869dfbaa4be69401c062e17e', '2016-09-06 08:22:46', '57ce7cd6d36ef3c9e51553b8'),
(156, 0, '15996196161', 'cxh1234567', '13197171', '3eb436281264285cfa0d429a44b14617714371c8d2d7bcc5e1accc72735fd98dcb31db1ad0072707de5a616eb954c915085ecd91c39589addb32ee27d38a9502', '2016-09-06 08:24:14', '57ce7d2db9a9967851654261'),
(157, 0, '15850682378', 'jjjjjjjj', '29413189', '3eb436281264285cfa0d429a44b14617714371c8d2d7bcc5e1accc72735fd98dd1b5be0360261e37bc4e22f3c8e03c38f107da4d372d1c0e5e5cd55b00f27adc', '2016-09-06 09:01:59', '57ce8607b9a99645aab9dc22'),
(158, 0, '15996144416', 'cxh1234567', '19520917', '3eb436281264285cfa0d429a44b14617714371c8d2d7bcc5e1accc72735fd98d36e866d44b5d0335ee7c66b15a75bc9979129707c6029b5f605ef1e136bfd196', '2016-09-06 09:09:27', '57ce87c7d36ef3c9e51559b0'),
(159, 0, '15996140765', 'cxh1234567', '78737259', '3eb436281264285cfa0d429a44b14617714371c8d2d7bcc5e1accc72735fd98d51233be99ca0855b8e69d4ed08faf667610d569b6f5c02c27eef9fdb51f1a62f', '2016-09-06 09:15:27', '57ce892fb9a99645aab9dc97'),
(160, 0, '15996135328', 'cxh1234567', '36554539', '3eb436281264285cfa0d429a44b14617714371c8d2d7bcc5e1accc72735fd98dd66af25161dd07d9bff04011ab2f4faf7c4bb9c5813a7108548d8ba5eeef3309', '2016-09-06 09:15:58', '57ce894ed36ef330ae76677a'),
(161, 0, '15514410026', 'vvvvvv', '28841763', '3eb436281264285cfa0d429a44b14617714371c8d2d7bcc5e1accc72735fd98ddcb7cfc27f8858f67a3a27c5a17a0dad9c180abedf4e85faaf73e0179913a0c6', '2016-09-06 09:17:26', '57ce89a5d36ef3844fc9cbc0'),
(162, 0, '13638699643', 'cxh123', '37530791', '3eb436281264285cfa0d429a44b14617714371c8d2d7bcc5e1accc72735fd98d9c3f0e5bb4ab519d854cb482f0f7e0222b8017a0c7c3b31aa58c1bb718a8a039', '2016-09-06 09:21:56', '57ce8ab4d36ef3c9e5155bc6'),
(163, 0, '18738656615', 'zbh123', '21966775', '3eb436281264285cfa0d429a44b14617714371c8d2d7bcc5e1accc72735fd98d4ae72e2138b8a6e5c8ded09e4ce83c7cd020fa15b7bf217c03c284a936aba971', '2016-09-06 10:39:04', '57ce9cc7d36ef3c9e515657c');

-- --------------------------------------------------------

--
-- 表的结构 `ac_user_detail_info`
--

CREATE TABLE IF NOT EXISTS `ac_user_detail_info` (
  `detail_id` int(11) NOT NULL AUTO_INCREMENT COMMENT '详细信息列表的id',
  `uid` int(11) NOT NULL COMMENT '用户id',
  `icon_url` varchar(128) NOT NULL COMMENT '头像url地址',
  `admission_year` smallint(4) unsigned NOT NULL COMMENT '入学年份',
  `faculty` varchar(10) NOT NULL COMMENT '院系ＩＤ',
  `major` varchar(11) NOT NULL COMMENT '专业id',
  `name` varchar(8) NOT NULL COMMENT '真实姓名',
  `gender` tinyint(1) NOT NULL COMMENT '性别',
  `job` varchar(20) NOT NULL COMMENT '工作',
  `city` varchar(11) NOT NULL COMMENT '城市编号',
  `tags` varchar(350) NOT NULL DEFAULT '{}' COMMENT '个性标签',
  `instroduction` varchar(350) NOT NULL DEFAULT '{}' COMMENT '个性介绍',
  `my_circle_list` varchar(1022) NOT NULL DEFAULT '_' COMMENT '他加入的圈子列表',
  `company` varchar(20) NOT NULL COMMENT '公司名称',
  `company_publicity_level` tinyint(1) NOT NULL DEFAULT '0' COMMENT '公司的开放程度',
  `public_contact_list` varchar(126) NOT NULL DEFAULT '{}' COMMENT '公开的联系方式列表',
  `protect_contact_list` varchar(126) NOT NULL DEFAULT '{}' COMMENT '仅圈内好友可见的联系方式列表',
  `job_list` varchar(1022) NOT NULL DEFAULT '{}' COMMENT '工作经历列表',
  `job_list_level` tinyint(1) NOT NULL DEFAULT '0' COMMENT '工作列表的公开程度',
  `last_update_time` timestamp NOT NULL DEFAULT CURRENT_TIMESTAMP,
  `admin_circle_list` varchar(655) DEFAULT '_',
  `create_circle_list` varchar(655) DEFAULT '_',
  `state` varchar(11) NOT NULL,
  `country` varchar(11) NOT NULL,
  PRIMARY KEY (`detail_id`),
  UNIQUE KEY `detail_id` (`detail_id`),
  KEY `uid` (`detail_id`),
  KEY `uid_2` (`uid`),
  KEY `uid_3` (`uid`)
) ENGINE=InnoDB  DEFAULT CHARSET=utf8 AUTO_INCREMENT=156 ;

--
-- 转存表中的数据 `ac_user_detail_info`
--

INSERT INTO `ac_user_detail_info` (`detail_id`, `uid`, `icon_url`, `admission_year`, `faculty`, `major`, `name`, `gender`, `job`, `city`, `tags`, `instroduction`, `my_circle_list`, `company`, `company_publicity_level`, `public_contact_list`, `protect_contact_list`, `job_list`, `job_list_level`, `last_update_time`, `admin_circle_list`, `create_circle_list`, `state`, `country`) VALUES
(1, 1, 'default', 2014, '71', '1', '陈雄辉', 0, 'worker96', '321', '{}', '{}', '_', 'another company', 0, '{}', '{}', '{}', 0, '2016-08-28 17:11:37', '_', '_', '', ''),
(2, 2, 'default', 2014, '71', '1', '陈雄辉', 0, 'student', '123', '{}', '{}', '_', 'google China', 0, '{}', '{}', '{}', 0, '2016-08-28 17:11:37', '_', '_', '', ''),
(3, 3, 'default', 2014, '71', '1', '陈雄辉', 0, 'student', '123', '{}', '{}', '_', 'google China', 0, '{}', '{}', '{}', 0, '2016-08-28 17:11:37', '_', '_', '', ''),
(4, 4, 'default', 2014, '71', '1', '陈雄辉', 0, 'student', '123', '{}', '{}', '_', 'google China', 0, '{}', '{}', '{}', 0, '2016-08-28 17:11:37', '_', '_', '', ''),
(5, 5, 'default', 2014, '71', '1', '陈雄辉', 0, 'worker104', '321', '{}', '{}', '_', 'another company', 0, '{}', '{}', '{}', 0, '2016-08-28 17:11:37', '_', '_', '', ''),
(6, 6, 'default', 2014, '71', '1', '陈雄辉', 0, 'student', '123', '{}', '{}', '_', 'google China', 0, '{}', '{}', '{}', 0, '2016-08-28 17:11:37', '_', '_', '', ''),
(7, 7, 'default', 2014, '71', '1', '陈雄辉', 0, 'student', '123', '{}', '{}', '_', 'google China', 0, '{}', '{}', '{}', 0, '2016-08-28 17:11:37', '_', '_', '', ''),
(8, 8, 'default', 2014, '71', '1', '陈雄辉', 0, 'student', '123', '{}', '{}', '_', 'google China', 0, '{}', '{}', '{}', 0, '2016-08-28 17:11:37', '_', '_', '', ''),
(9, 9, 'default', 2014, '71', '1', '陈雄辉', 0, 'student', '123', '{}', '{}', '_', 'google China', 0, '{}', '{}', '{}', 0, '2016-08-28 17:11:37', '_', '_', '', ''),
(10, 10, 'default', 2014, '71', '1', '陈雄辉', 0, 'student', '123', '{}', '{}', '_', 'google China', 0, '{}', '{}', '{}', 0, '2016-08-28 17:11:37', '_', '_', '', ''),
(11, 11, 'default', 2014, '71', '1', '陈雄辉', 0, 'student', '123', '{}', '{}', '_', 'google China', 0, '{}', '{}', '{}', 0, '2016-08-28 17:11:37', '_', '_', '', ''),
(12, 12, 'default', 2014, '71', '1', '陈雄辉', 0, 'student', '123', '{}', '{}', '_', 'google China', 0, '{}', '{}', '{}', 0, '2016-08-28 17:11:37', '_', '_', '', ''),
(13, 13, 'default', 2014, '71', '1', '陈雄辉', 0, 'student', '123', '{}', '{}', '_', 'google China', 0, '{}', '{}', '{}', 0, '2016-08-28 17:11:37', '_', '_', '', ''),
(14, 14, 'default', 2014, '71', '1', '陈雄辉', 0, 'worker', '123', '{}', '{}', '_', 'google China', 0, '{}', '{}', '{}', 0, '2016-08-28 17:11:37', '_', '_', '', ''),
(15, 15, 'default', 2014, '71', '1', '陈雄辉', 0, 'student', '123', '{}', '{}', '_', 'google China', 0, '{}', '{}', '{}', 0, '2016-08-28 17:11:37', '_', '_', '', ''),
(16, 16, 'default', 2014, '71', '1', '陈雄辉', 0, 'student', '123', '{}', '{}', '_', 'google China', 0, '{}', '{}', '{}', 0, '2016-08-28 17:11:37', '_', '_', '', ''),
(17, 17, 'default', 2014, '71', '1', '陈雄辉', 0, 'student', '123', '{}', '{}', '_', 'google China', 0, '{}', '{}', '{}', 0, '2016-08-28 17:11:37', '_', '_', '', ''),
(18, 18, 'default', 2014, '71', '1', '陈雄辉', 0, 'student', '123', '{}', '{}', '_', 'google China', 0, '{}', '{}', '{}', 0, '2016-08-28 17:11:37', '_', '_', '', ''),
(19, 19, 'default', 2014, '71', '1', '陈雄辉', 0, 'student', '123', '{}', '{}', '_', 'google China', 0, '{}', '{}', '{}', 0, '2016-08-28 17:11:37', '_', '_', '', ''),
(20, 20, 'default', 2014, '71', '1', '陈雄辉', 0, 'student', '123', '{}', '{}', '_', 'google China', 0, '{}', '{}', '{}', 0, '2016-08-28 17:11:37', '_', '_', '', ''),
(21, 21, 'default', 2014, '71', '1', '陈雄辉', 0, 'student', '123', '{}', '{}', '_', 'google China', 0, '{}', '{}', '{}', 0, '2016-08-28 17:11:37', '_', '_', '', ''),
(22, 22, 'default', 2014, '71', '1', '陈雄辉', 0, 'student', '123', '{}', '{}', '_', 'google China', 0, '{}', '{}', '{}', 0, '2016-08-28 17:11:37', '_', '_', '', ''),
(23, 23, 'default', 2014, '71', '1', '陈雄辉', 0, 'student', '123', '{}', '{}', '_', 'google China', 0, '{}', '{}', '{}', 0, '2016-08-28 17:11:37', '_', '_', '', ''),
(24, 24, 'default', 2014, '71', '1', '陈雄辉', 0, 'student', '123', '{}', '{}', '_', 'google China', 0, '{}', '{}', '{}', 0, '2016-08-28 17:11:37', '_', '_', '', ''),
(25, 25, 'default', 2014, '71', '1', '陈雄辉', 0, 'student', '123', '{}', '{}', '_', 'google China', 0, '{}', '{}', '{}', 0, '2016-08-28 17:11:37', '_', '_', '', ''),
(26, 26, 'default', 2014, '71', '1', '陈雄辉', 0, 'student', '123', '{}', '{}', '_', 'google China', 0, '{}', '{}', '{}', 0, '2016-08-28 17:11:37', '_', '_', '', ''),
(27, 27, 'default', 2014, '71', '1', '陈雄辉', 0, 'student', '123', '{}', '{}', '_', 'google China', 0, '{}', '{}', '{}', 0, '2016-08-28 17:11:37', '_', '_', '', ''),
(28, 28, 'default', 2014, '71', '1', '陈雄辉', 0, 'student', '123', '{}', '{}', '_', 'google China', 0, '{}', '{}', '{}', 0, '2016-08-28 17:11:37', '_', '_', '', ''),
(29, 29, 'default', 2014, '71', '1', '陈雄辉', 0, 'student', '123', '{}', '{}', '_', 'google China', 0, '{}', '{}', '{}', 0, '2016-08-28 17:11:37', '_', '_', '', ''),
(30, 30, 'default', 2014, '71', '1', '陈雄辉', 0, 'student', '123', '{}', '{}', '_', 'google China', 0, '{}', '{}', '{}', 0, '2016-08-28 17:11:37', '_', '_', '', ''),
(31, 31, 'default', 2014, '71', '1', '陈雄辉', 0, 'student', '123', '{}', '{}', '_', 'google China', 0, '{}', '{}', '{}', 0, '2016-08-28 17:11:37', '_', '_', '', ''),
(32, 32, 'default', 2014, '71', '1', '陈雄辉', 0, 'student', '123', '{}', '{}', '_', 'google China', 0, '{}', '{}', '{}', 0, '2016-08-28 17:11:37', '_', '_', '', ''),
(33, 33, 'default', 2014, '71', '1', '陈雄辉', 0, 'student', '123', '{}', '{}', '_', 'google China', 0, '{}', '{}', '{}', 0, '2016-08-28 17:11:37', '_', '_', '', ''),
(34, 34, 'default', 2014, '71', '1', '陈雄辉', 0, 'student', '123', '{}', '{}', '_', 'google China', 0, '{}', '{}', '{}', 0, '2016-08-28 17:11:37', '_', '_', '', ''),
(35, 35, 'default', 2014, '71', '1', '陈雄辉', 0, 'student', '123', '{}', '{}', '_', 'google China', 0, '{}', '{}', '{}', 0, '2016-08-28 17:11:37', '_', '_', '', ''),
(36, 36, 'default', 2014, '71', '1', '陈雄辉', 0, 'student', '123', '{}', '{}', '_', 'google China', 0, '{}', '{}', '{}', 0, '2016-08-28 17:11:37', '_', '_', '', ''),
(37, 37, 'default', 2014, '71', '1', '陈雄辉', 0, 'student', '123', '{}', '{}', '_', 'google China', 0, '{}', '{}', '{}', 0, '2016-08-28 17:11:37', '_', '_', '', ''),
(38, 38, 'default', 2014, '71', '1', '陈雄辉', 0, 'student', '123', '{}', '{}', '_', 'google China', 0, '{}', '{}', '{}', 0, '2016-08-28 17:11:37', '_', '_', '', ''),
(39, 39, 'default', 2014, '71', '1', '陈雄辉', 0, 'student', '123', '{}', '{}', '_', 'google China', 0, '{}', '{}', '{}', 0, '2016-08-28 17:11:37', '_', '_', '', ''),
(40, 40, 'default', 2014, '71', '1', '陈雄辉', 0, 'student', '123', '{}', '{}', '_', 'google China', 0, '{}', '{}', '{}', 0, '2016-08-28 17:11:37', '_', '_', '', ''),
(41, 41, 'default', 2014, '71', '1', '陈雄辉', 0, 'student', '123', '{}', '{}', '_', 'google China', 0, '{}', '{}', '{}', 0, '2016-08-28 17:11:37', '_', '_', '', ''),
(42, 42, 'default', 2014, '71', '1', '陈雄辉', 0, 'student', '123', '{}', '{}', '_', 'google China', 0, '{}', '{}', '{}', 0, '2016-08-28 17:11:37', '_', '_', '', ''),
(43, 43, 'default', 2014, '71', '1', '陈雄辉', 0, 'student', '123', '{}', '{}', '_', 'google China', 0, '{}', '{}', '{}', 0, '2016-08-28 17:11:37', '_', '_', '', ''),
(44, 44, 'default', 2014, '71', '1', '陈雄辉', 0, 'student', '123', '{}', '{}', '_', 'google China', 0, '{}', '{}', '{}', 0, '2016-08-28 17:11:37', '_', '_', '', ''),
(45, 45, 'default', 2014, '71', '1', '陈雄辉', 0, 'student', '123', '{}', '{}', '_', 'google China', 0, '{}', '{}', '{}', 0, '2016-08-28 17:11:37', '_', '_', '', ''),
(46, 46, 'default', 2014, '71', '1', '陈雄辉', 0, 'student', '123', '{}', '{}', '_', 'google China', 0, '{}', '{}', '{}', 0, '2016-08-28 17:11:37', '_', '_', '', ''),
(47, 47, 'default', 2014, '71', '1', '陈雄辉', 0, 'student', '123', '{}', '{}', '_', 'google China', 0, '{}', '{}', '{}', 0, '2016-08-28 17:11:37', '_', '_', '', ''),
(48, 48, 'default', 2014, '71', '1', '陈雄辉', 0, 'student', '123', '{}', '{}', '_', 'google China', 0, '{}', '{}', '{}', 0, '2016-08-28 17:11:37', '_', '_', '', ''),
(49, 49, 'default', 2014, '71', '1', '陈雄辉', 0, 'student', '123', '{}', '{}', '_', 'google China', 0, '{}', '{}', '{}', 0, '2016-08-28 17:11:37', '_', '_', '', ''),
(50, 50, 'default', 2014, '71', '1', '陈雄辉', 0, 'student', '123', '{}', '{}', '_', 'google China', 0, '{}', '{}', '{}', 0, '2016-08-28 17:11:37', '_', '_', '', ''),
(51, 51, 'default', 2014, '71', '1', '陈雄辉', 0, 'student', '123', '{}', '{}', '_', 'google China', 0, '{}', '{}', '{}', 0, '2016-08-28 17:11:37', '_', '_', '', ''),
(52, 52, 'default', 2014, '71', '1', '陈雄辉', 0, 'student', '123', '{}', '{}', '_', 'google China', 0, '{}', '{}', '{}', 0, '2016-08-28 17:11:37', '_', '_', '', ''),
(53, 53, 'default', 2014, '71', '1', '陈雄辉', 0, 'student', '123', '{}', '{}', '_', 'google China', 0, '{}', '{}', '{}', 0, '2016-08-28 17:11:37', '_', '_', '', ''),
(54, 54, 'default', 2014, '71', '1', '陈雄辉', 0, 'student', '123', '{}', '{}', '_', 'google China', 0, '{}', '{}', '{}', 0, '2016-08-28 17:11:37', '_', '_', '', ''),
(55, 61, 'default', 2014, '金融', '经济管理', '陈雄辉', 0, 'student', '南京', '{}', '{}', '_', 'google China', 0, '{}', '{}', '{}', 0, '2016-09-04 14:23:43', '_', '_', '江苏', '中国'),
(56, 62, 'default', 2014, '金融', '经济管理', '陈雄辉', 0, 'student', '南京', '{}', '{}', '_', 'google China', 0, '{}', '{}', '{}', 0, '2016-09-04 14:46:27', '_', '_', '江苏', '中国'),
(57, 63, 'default', 2014, '金融', '经济管理', '陈雄辉', 0, 'student', '南京', '{}', '{}', '_', 'google China', 0, '{}', '{}', '{}', 0, '2016-09-04 14:51:08', '_', '_', '江苏', '中国'),
(58, 64, 'default', 2014, '金融', '经济管理', '陈雄辉', 0, 'student', '南京', '{}', '{}', '_', 'google China', 0, '{}', '{}', '{}', 0, '2016-09-04 14:52:24', '_', '_', '江苏', '中国'),
(59, 65, 'default', 2014, '金融', '经济管理', '陈雄辉', 0, 'student', '南京', '{}', '{}', '_', 'google China', 0, '{}', '{}', '{}', 0, '2016-09-04 14:57:11', '_', '_', '江苏', '中国'),
(60, 66, 'default', 2014, '金融', '经济管理', '陈雄辉', 0, 'student', '南京', '{}', '{}', '_', 'google China', 0, '{}', '{}', '{}', 0, '2016-09-05 02:00:01', '_', '_', '江苏', '中国'),
(61, 67, 'default', 2014, '金融', '经济管理', '陈雄辉', 0, 'student', '南京', '{}', '{}', '_', 'google China', 0, '{}', '{}', '{}', 0, '2016-09-05 02:35:39', '_', '_', '江苏', '中国'),
(62, 68, 'default', 2014, '金融', '经济管理', '陈雄辉', 0, 'student', '南京', '{}', '{}', '_', 'google China', 0, '{}', '{}', '{}', 0, '2016-09-05 02:36:41', '_', '_', '江苏', '中国'),
(63, 69, 'default', 2014, '金融', '经济管理', '陈雄辉', 0, 'student', '南京', '{}', '{}', '_', 'google China', 0, '{}', '{}', '{}', 0, '2016-09-05 02:37:57', '_', '_', '江苏', '中国'),
(64, 70, 'default', 2014, '金融', '经济管理', '陈雄辉', 0, 'student', '漳州', '{}', '{}', '_15_', 'google China', 0, '{}', '{}', '{}', 0, '2016-09-05 02:57:28', '_', '_', '福建', '中国'),
(65, 71, 'default', 2014, '金融', '经济管理', '陈雄辉', 0, 'student', '漳州', '{}', '{}', '_', 'google China', 0, '{}', '{}', '{}', 0, '2016-09-05 08:51:23', '_', '_', '福建', '中国'),
(66, 72, 'default', 2014, '金融', '经济管理', '陈雄辉', 0, 'student', '漳州', '{}', '{}', '_', 'google China', 0, '{}', '{}', '{}', 0, '2016-09-05 08:52:38', '_', '_', '福建', '中国'),
(67, 73, 'default', 2014, '金融', '经济管理', '陈雄辉', 0, 'student', '漳州', '{}', '{}', '_', 'google China', 0, '{}', '{}', '{}', 0, '2016-09-05 08:53:08', '_', '_', '福建', '中国'),
(68, 74, 'default', 2014, '金融', '经济管理', '陈雄辉', 0, 'student', '漳州', '{}', '{}', '_', 'google China', 0, '{}', '{}', '{}', 0, '2016-09-05 08:53:56', '_', '_', '福建', '中国'),
(69, 75, 'default', 2014, '金融', '经济管理', '陈雄辉', 0, 'student', '漳州', '{}', '{}', '_', 'google China', 0, '{}', '{}', '{}', 0, '2016-09-05 09:01:33', '_', '_', '福建', '中国'),
(70, 76, 'default', 2014, '金融', '经济管理', '陈雄辉', 0, 'student', '漳州', '{}', '{}', '_', 'google China', 0, '{}', '{}', '{}', 0, '2016-09-05 09:02:13', '_', '_', '福建', '中国'),
(71, 77, 'default', 2014, '金融', '经济管理', '陈雄辉', 0, 'student', '漳州', '{}', '{}', '_', 'google China', 0, '{}', '{}', '{}', 0, '2016-09-05 09:02:41', '_', '_', '福建', '中国'),
(72, 78, 'default', 2014, '金融', '经济管理', '陈雄辉', 0, 'student', '漳州', '{}', '{}', '_', 'google China', 0, '{}', '{}', '{}', 0, '2016-09-05 09:03:07', '_', '_', '福建', '中国'),
(73, 79, 'default', 2014, '金融', '经济管理', '陈雄辉', 0, 'student', '漳州', '{}', '{}', '_', 'google China', 0, '{}', '{}', '{}', 0, '2016-09-05 09:05:56', '_', '_', '福建', '中国'),
(74, 80, 'default', 2014, '金融', '经济管理', '陈雄辉', 0, 'student', '漳州', '{}', '{}', '_', 'google China', 0, '{}', '{}', '{}', 0, '2016-09-05 09:06:37', '_', '_', '福建', '中国'),
(75, 81, 'default', 2014, '金融', '经济管理', '陈雄辉', 0, 'student', '漳州', '{}', '{}', '_', 'google China', 0, '{}', '{}', '{}', 0, '2016-09-05 09:07:00', '_', '_', '福建', '中国'),
(76, 82, 'default', 2014, '金融', '经济管理', '陈雄辉', 0, 'student', '漳州', '{}', '{}', '_', 'google China', 0, '{}', '{}', '{}', 0, '2016-09-05 09:07:10', '_', '_', '福建', '中国'),
(77, 83, 'default', 2014, '金融', '经济管理', '陈雄辉', 0, 'student', '漳州', '{}', '{}', '_', 'google China', 0, '{}', '{}', '{}', 0, '2016-09-05 09:09:02', '_', '_', '福建', '中国'),
(78, 84, 'default', 2014, '金融', '经济管理', '陈雄辉', 0, 'student', '漳州', '{}', '{}', '_', 'google China', 0, '{}', '{}', '{}', 0, '2016-09-05 09:09:26', '_', '_', '福建', '中国'),
(79, 85, 'default', 2014, '金融', '经济管理', '陈雄辉', 0, 'student', '漳州', '{}', '{}', '_15_14_', 'google China', 0, '{}', '{}', '{}', 0, '2016-09-05 09:15:59', '_14_', '_15_', '福建', '中国'),
(80, 86, 'default', 2014, '金融', '经济管理', '陈雄辉', 0, 'student', '漳州', '{}', '{}', '_', 'google China', 0, '{}', '{}', '{}', 0, '2016-09-05 09:16:28', '_', '_', '福建', '中国'),
(81, 89, 'default', 2014, '软件学院', '软件工程', '韩雪滢', 0, 'student', '南京', '{}', '{}', '_', 'the SEU', 0, '{}', '{}', '{}', 0, '2016-09-06 02:44:12', '_', '_', '江苏省', '中国'),
(82, 90, 'default', 2014, '金融', '经济管理', '陈雄辉', 0, 'student', '漳州', '{}', '{}', '_', 'google China', 0, '{}', '{}', '{}', 0, '2016-09-06 02:51:10', '_', '_', '福建', '中国'),
(83, 91, 'default', 2014, '金融', '经济管理', '陈雄辉', 0, 'student', '漳州', '{}', '{}', '_', 'google China', 0, '{}', '{}', '{}', 0, '2016-09-06 02:52:21', '_', '_', '福建', '中国'),
(84, 92, 'default', 2014, '金融', '经济管理', '陈雄辉', 0, 'student', '漳州', '{}', '{}', '_', 'google China', 0, '{}', '{}', '{}', 0, '2016-09-06 02:52:53', '_', '_', '福建', '中国'),
(85, 93, 'default', 2014, '金融', '经济管理', '陈雄辉', 0, 'student', '漳州', '{}', '{}', '_', 'google China', 0, '{}', '{}', '{}', 0, '2016-09-06 02:53:51', '_', '_', '福建', '中国'),
(86, 94, 'default', 2014, '金融', '经济管理', '陈雄辉', 0, 'student', '漳州', '{}', '{}', '_', 'google China', 0, '{}', '{}', '{}', 0, '2016-09-06 02:53:55', '_', '_', '福建', '中国'),
(87, 95, 'default', 2014, '金融', '经济管理', '陈雄辉', 0, 'student', '漳州', '{}', '{}', '_', 'google China', 0, '{}', '{}', '{}', 0, '2016-09-06 02:55:37', '_', '_', '福建', '中国'),
(88, 96, 'default', 2014, '金融', '经济管理', '陈雄辉', 0, 'student', '漳州', '{}', '{}', '_', 'google China', 0, '{}', '{}', '{}', 0, '2016-09-06 02:56:36', '_', '_', '福建', '中国'),
(89, 97, 'default', 2014, '金融', '经济管理', '陈雄辉', 0, 'student', '漳州', '{}', '{}', '_', 'google China', 0, '{}', '{}', '{}', 0, '2016-09-06 02:57:49', '_', '_', '福建', '中国'),
(90, 98, 'default', 2014, '金融', '经济管理', '陈雄辉', 0, 'student', '漳州', '{}', '{}', '_', 'google China', 0, '{}', '{}', '{}', 0, '2016-09-06 03:07:14', '_', '_', '福建', '中国'),
(91, 99, 'default', 2014, '软件学院', '软件工程', '韩雪滢', 0, 'student', '南京', '{}', '{}', '_', 'the SEU', 0, '{}', '{}', '{}', 0, '2016-09-06 03:08:33', '_', '_', '江苏省', '中国'),
(92, 100, 'default', 2014, '金融', '经济管理', '陈雄辉', 0, 'student', '漳州', '{}', '{}', '_', 'google China', 0, '{}', '{}', '{}', 0, '2016-09-06 03:19:34', '_', '_', '福建', '中国'),
(93, 101, 'default', 2014, '金融', '经济管理', '陈雄辉', 0, 'student', '漳州', '{}', '{}', '_', 'google China', 0, '{}', '{}', '{}', 0, '2016-09-06 03:20:17', '_', '_', '福建', '中国'),
(94, 102, 'default', 2014, '金融', '经济管理', '陈雄辉', 0, 'student', '漳州', '{}', '{}', '_', 'google China', 0, '{}', '{}', '{}', 0, '2016-09-06 03:28:06', '_', '_', '福建', '中国'),
(95, 103, 'default', 2014, '金融', '经济管理', '陈雄辉', 0, 'student', '漳州', '{}', '{}', '_', 'google China', 0, '{}', '{}', '{}', 0, '2016-09-06 03:28:11', '_', '_', '福建', '中国'),
(96, 104, 'default', 2014, '金融', '经济管理', '陈雄辉', 0, 'student', '漳州', '{}', '{}', '_', 'google China', 0, '{}', '{}', '{}', 0, '2016-09-06 03:28:48', '_', '_', '福建', '中国'),
(97, 105, 'default', 2014, '金融', '经济管理', '陈雄辉', 0, 'student', '漳州', '{}', '{}', '_', 'google China', 0, '{}', '{}', '{}', 0, '2016-09-06 03:29:17', '_', '_', '福建', '中国'),
(98, 106, 'default', 2014, '金融', '经济管理', '陈雄辉', 0, 'student', '漳州', '{}', '{}', '_', 'google China', 0, '{}', '{}', '{}', 0, '2016-09-06 03:30:47', '_', '_', '福建', '中国'),
(99, 107, 'default', 2014, '金融', '经济管理', '陈雄辉', 0, 'student', '漳州', '{}', '{}', '_', 'google China', 0, '{}', '{}', '{}', 0, '2016-09-06 03:31:06', '_', '_', '福建', '中国'),
(100, 108, 'default', 2014, '金融', '经济管理', '陈雄辉', 0, 'student', '漳州', '{}', '{}', '_', 'google China', 0, '{}', '{}', '{}', 0, '2016-09-06 03:59:12', '_', '_', '福建', '中国'),
(101, 109, 'default', 2014, '金融', '经济管理', '陈雄辉', 0, 'student', '漳州', '{}', '{}', '_', 'google China', 0, '{}', '{}', '{}', 0, '2016-09-06 03:59:25', '_', '_', '福建', '中国'),
(102, 110, 'default', 2014, '金融', '经济管理', '陈雄辉', 0, 'student', '漳州', '{}', '{}', '_', 'google China', 0, '{}', '{}', '{}', 0, '2016-09-06 04:00:07', '_', '_', '福建', '中国'),
(103, 111, 'default', 2014, '金融', '经济管理', '陈雄辉', 0, 'student', '漳州', '{}', '{}', '_', 'google China', 0, '{}', '{}', '{}', 0, '2016-09-06 04:00:31', '_', '_', '福建', '中国'),
(104, 112, 'default', 2014, '金融', '经济管理', '陈雄辉', 0, 'student', '漳州', '{}', '{}', '_', 'google China', 0, '{}', '{}', '{}', 0, '2016-09-06 04:00:35', '_', '_', '福建', '中国'),
(105, 113, 'default', 2014, '金融', '经济管理', '陈雄辉', 0, 'student', '漳州', '{}', '{}', '_', 'google China', 0, '{}', '{}', '{}', 0, '2016-09-06 04:16:37', '_', '_', '福建', '中国'),
(106, 114, 'default', 2014, '金融', '经济管理', '陈雄辉', 0, 'student', '漳州', '{}', '{}', '_', 'google China', 0, '{}', '{}', '{}', 0, '2016-09-06 04:16:56', '_', '_', '福建', '中国'),
(107, 115, 'default', 2014, '金融', '经济管理', '陈雄辉', 0, 'student', '漳州', '{}', '{}', '_', 'google China', 0, '{}', '{}', '{}', 0, '2016-09-06 04:17:18', '_', '_', '福建', '中国'),
(108, 116, 'default', 2014, '金融', '经济管理', '陈雄辉', 0, 'student', '漳州', '{}', '{}', '_', 'google China', 0, '{}', '{}', '{}', 0, '2016-09-06 04:18:07', '_', '_', '福建', '中国'),
(109, 117, 'default', 2014, '金融', '经济管理', '陈雄辉', 0, 'student', '漳州', '{}', '{}', '_', 'google China', 0, '{}', '{}', '{}', 0, '2016-09-06 05:51:12', '_', '_', '福建', '中国'),
(110, 118, 'default', 2014, '金融', '经济管理', '陈雄辉', 0, 'student', '漳州', '{}', '{}', '_', 'google China', 0, '{}', '{}', '{}', 0, '2016-09-06 05:55:47', '_', '_', '福建', '中国'),
(111, 119, 'default', 2014, '金融', '经济管理', '陈雄辉', 0, 'student', '漳州', '{}', '{}', '_', 'google China', 0, '{}', '{}', '{}', 0, '2016-09-06 05:56:09', '_', '_', '福建', '中国'),
(112, 120, 'default', 2014, '金融', '经济管理', '陈雄辉', 0, 'student', '漳州', '{}', '{}', '_', 'google China', 0, '{}', '{}', '{}', 0, '2016-09-06 05:56:45', '_', '_', '福建', '中国'),
(113, 121, 'default', 2014, '金融', '经济管理', '陈雄辉', 0, 'student', '漳州', '{}', '{}', '_', 'google China', 0, '{}', '{}', '{}', 0, '2016-09-06 06:10:39', '_', '_', '福建', '中国'),
(114, 122, 'default', 2014, '金融', '经济管理', '陈雄辉', 0, 'student', '漳州', '{}', '{}', '_', 'google China', 0, '{}', '{}', '{}', 0, '2016-09-06 06:13:08', '_', '_', '福建', '中国'),
(115, 123, 'default', 2014, '金融', '经济管理', '陈雄辉', 0, 'student', '漳州', '{}', '{}', '_', 'google China', 0, '{}', '{}', '{}', 0, '2016-09-06 06:13:57', '_', '_', '福建', '中国'),
(116, 124, 'default', 2014, '金融', '经济管理', '陈雄辉', 0, 'student', '漳州', '{}', '{}', '_', 'google China', 0, '{}', '{}', '{}', 0, '2016-09-06 06:15:07', '_', '_', '福建', '中国'),
(117, 125, 'default', 2014, '金融', '经济管理', '陈雄辉', 0, 'student', '漳州', '{}', '{}', '_', 'google China', 0, '{}', '{}', '{}', 0, '2016-09-06 06:15:09', '_', '_', '福建', '中国'),
(118, 126, 'default', 2014, '金融', '经济管理', '陈雄辉', 0, 'student', '漳州', '{}', '{}', '_', 'google China', 0, '{}', '{}', '{}', 0, '2016-09-06 06:15:11', '_', '_', '福建', '中国'),
(119, 127, 'default', 2014, '金融', '经济管理', '陈雄辉', 0, 'student', '漳州', '{}', '{}', '_', 'google China', 0, '{}', '{}', '{}', 0, '2016-09-06 07:17:25', '_', '_', '福建', '中国'),
(120, 128, 'default', 2014, '金融', '经济管理', '陈雄辉', 0, 'student', '漳州', '{}', '{}', '_', 'google China', 0, '{}', '{}', '{}', 0, '2016-09-06 07:17:27', '_', '_', '福建', '中国'),
(121, 129, 'default', 2014, '金融', '经济管理', '陈雄辉', 0, 'student', '漳州', '{}', '{}', '_', 'google China', 0, '{}', '{}', '{}', 0, '2016-09-06 07:17:29', '_', '_', '福建', '中国'),
(122, 130, 'default', 2014, '金融', '经济管理', '陈雄辉', 0, 'student', '漳州', '{}', '{}', '_', 'google China', 0, '{}', '{}', '{}', 0, '2016-09-06 07:17:30', '_', '_', '福建', '中国'),
(123, 131, 'default', 2014, '金融', '经济管理', '陈雄辉', 0, 'student', '漳州', '{}', '{}', '_', 'google China', 0, '{}', '{}', '{}', 0, '2016-09-06 07:17:32', '_', '_', '福建', '中国'),
(124, 132, 'default', 2014, '金融', '经济管理', '陈雄辉', 0, 'student', '漳州', '{}', '{}', '_', 'google China', 0, '{}', '{}', '{}', 0, '2016-09-06 07:43:30', '_', '_', '福建', '中国'),
(125, 133, 'default', 2014, '金融', '经济管理', '陈雄辉', 0, 'student', '漳州', '{}', '{}', '_', 'google China', 0, '{}', '{}', '{}', 0, '2016-09-06 07:43:42', '_', '_', '福建', '中国'),
(126, 134, 'default', 2014, '金融', '经济管理', '陈雄辉', 0, 'student', '漳州', '{}', '{}', '_', 'google China', 0, '{}', '{}', '{}', 0, '2016-09-06 07:44:19', '_', '_', '福建', '中国'),
(127, 135, 'default', 2014, '金融', '经济管理', '陈雄辉', 0, 'student', '漳州', '{}', '{}', '_', 'google China', 0, '{}', '{}', '{}', 0, '2016-09-06 07:44:57', '_', '_', '福建', '中国'),
(128, 136, 'default', 2014, '金融', '经济管理', '陈雄辉', 0, 'student', '漳州', '{}', '{}', '_', 'google China', 0, '{}', '{}', '{}', 0, '2016-09-06 07:49:19', '_', '_', '福建', '中国'),
(129, 137, 'default', 2014, '金融', '经济管理', '陈雄辉', 0, 'student', '漳州', '{}', '{}', '_', 'google China', 0, '{}', '{}', '{}', 0, '2016-09-06 07:52:12', '_', '_', '福建', '中国'),
(130, 138, 'default', 2014, '金融', '经济管理', '陈雄辉', 0, 'student', '漳州', '{}', '{}', '_', 'google China', 0, '{}', '{}', '{}', 0, '2016-09-06 07:53:09', '_', '_', '福建', '中国'),
(131, 139, 'default', 2014, '金融', '经济管理', '陈雄辉', 0, 'student', '漳州', '{}', '{}', '_', 'google China', 0, '{}', '{}', '{}', 0, '2016-09-06 08:00:16', '_', '_', '福建', '中国'),
(132, 140, 'default', 2014, '金融', '经济管理', '陈雄辉', 0, 'student', '漳州', '{}', '{}', '_', 'google China', 0, '{}', '{}', '{}', 0, '2016-09-06 08:02:00', '_', '_', '福建', '中国'),
(133, 141, 'default', 2014, '金融', '经济管理', '陈雄辉', 0, 'student', '漳州', '{}', '{}', '_', 'google China', 0, '{}', '{}', '{}', 0, '2016-09-06 08:02:38', '_', '_', '福建', '中国'),
(134, 142, 'default', 2014, '金融', '经济管理', '陈雄辉', 0, 'student', '漳州', '{}', '{}', '_', 'google China', 0, '{}', '{}', '{}', 0, '2016-09-06 08:02:56', '_', '_', '福建', '中国'),
(135, 143, 'default', 2014, '金融', '经济管理', '陈雄辉', 0, 'student', '漳州', '{}', '{}', '_', 'google China', 0, '{}', '{}', '{}', 0, '2016-09-06 08:03:15', '_', '_', '福建', '中国'),
(136, 144, 'default', 2014, '金融', '经济管理', '陈雄辉', 0, 'student', '漳州', '{}', '{}', '_', 'google China', 0, '{}', '{}', '{}', 0, '2016-09-06 08:05:46', '_', '_', '福建', '中国'),
(137, 145, 'default', 2014, '金融', '经济管理', '陈雄辉', 0, 'student', '漳州', '{}', '{}', '_', 'google China', 0, '{}', '{}', '{}', 0, '2016-09-06 08:05:51', '_', '_', '福建', '中国'),
(138, 146, 'default', 2014, '金融', '经济管理', '陈雄辉', 0, 'student', '漳州', '{}', '{}', '_', 'google China', 0, '{}', '{}', '{}', 0, '2016-09-06 08:07:14', '_', '_', '福建', '中国'),
(139, 147, 'default', 2014, '金融', '经济管理', '陈雄辉', 0, 'student', '漳州', '{}', '{}', '_', 'google China', 0, '{}', '{}', '{}', 0, '2016-09-06 08:08:44', '_', '_', '福建', '中国'),
(140, 148, 'default', 2014, '金融', '经济管理', '陈雄辉', 0, 'student', '漳州', '{}', '{}', '_', 'google China', 0, '{}', '{}', '{}', 0, '2016-09-06 08:08:50', '_', '_', '福建', '中国'),
(141, 149, 'default', 2014, '金融', '经济管理', '陈雄辉', 0, 'student', '漳州', '{}', '{}', '_', 'google China', 0, '{}', '{}', '{}', 0, '2016-09-06 08:10:14', '_', '_', '福建', '中国'),
(142, 150, 'default', 2014, '金融', '经济管理', '陈雄辉', 0, 'student', '漳州', '{}', '{}', '_', 'google China', 0, '{}', '{}', '{}', 0, '2016-09-06 08:12:03', '_', '_', '福建', '中国'),
(143, 151, 'default', 2014, '金融', '经济管理', '陈雄辉', 0, 'student', '漳州', '{}', '{}', '_', 'google China', 0, '{}', '{}', '{}', 0, '2016-09-06 08:12:42', '_', '_', '福建', '中国'),
(144, 152, 'default', 2014, '金融', '经济管理', '陈雄辉', 0, 'student', '漳州', '{}', '{}', '_', 'google China', 0, '{}', '{}', '{}', 0, '2016-09-06 08:14:06', '_', '_', '福建', '中国'),
(145, 153, 'default', 2014, '金融', '经济管理', '陈雄辉', 0, 'student', '漳州', '{}', '{}', '_', 'google China', 0, '{}', '{}', '{}', 0, '2016-09-06 08:16:56', '_', '_', '福建', '中国'),
(146, 154, 'default', 2014, '金融', '经济管理', '陈雄辉', 0, 'student', '漳州', '{}', '{}', '_', 'google China', 0, '{}', '{}', '{}', 0, '2016-09-06 08:22:10', '_', '_', '福建', '中国'),
(147, 155, 'default', 2014, '金融', '经济管理', '陈雄辉', 0, 'student', '漳州', '{}', '{}', '_', 'google China', 0, '{}', '{}', '{}', 0, '2016-09-06 08:22:46', '_', '_', '福建', '中国'),
(148, 156, 'default', 2014, '金融', '经济管理', '陈雄辉', 0, 'student', '漳州', '{}', '{}', '_', 'google China', 0, '{}', '{}', '{}', 0, '2016-09-06 08:24:14', '_', '_', '福建', '中国'),
(149, 157, 'default', 1952, '信息科学与工程学院', '信息工程', '曾博晖', 1, 'hhh', '东城', '{}', '{}', '_', '123', 0, '{}', '{}', '{}', 0, '2016-09-06 09:01:59', '_', '_', '北京', '中国'),
(150, 158, 'default', 2014, '金融', '经济管理', '陈雄辉', 0, 'student', '漳州', '{}', '{}', '_', 'google China', 0, '{}', '{}', '{}', 0, '2016-09-06 09:09:27', '_', '_', '福建', '中国'),
(151, 159, 'default', 2014, '金融', '经济管理', '陈雄辉', 0, 'student', '漳州', '{}', '{}', '_', 'google China', 0, '{}', '{}', '{}', 0, '2016-09-06 09:15:27', '_', '_', '福建', '中国'),
(152, 160, 'default', 2014, '金融', '经济管理', '陈雄辉', 0, 'student', '漳州', '{}', '{}', '_', 'google China', 0, '{}', '{}', '{}', 0, '2016-09-06 09:15:58', '_', '_', '福建', '中国'),
(153, 161, 'default', 1952, '建筑学院', '建筑学', '白洋', 1, 'student', '南京', '{}', '{}', '_', 'the SEU', 0, '{}', '{}', '{}', 0, '2016-09-06 09:17:26', '_', '_', '江苏', '中国'),
(154, 162, 'default', 1952, '建筑学院', '建筑学', '超喜欢', 1, 'student', '南京', '{}', '{}', '_', 'the SEU', 0, '{}', '{}', '{}', 0, '2016-09-06 09:21:56', '_', '_', '江苏', '中国'),
(155, 163, 'default', 1966, '建筑学院', '建筑学', '刘总', 1, '首席执行官', '东城', '{}', '{}', '_', '阿里巴巴', 0, '{}', '{}', '{}', 0, '2016-09-06 10:39:04', '_', '_', '北京', '中国');

-- --------------------------------------------------------

--
-- 表的结构 `ac_user_list_info`
--

CREATE TABLE IF NOT EXISTS `ac_user_list_info` (
  `list_id` int(11) NOT NULL AUTO_INCREMENT COMMENT '列表信息id',
  `country` varchar(15) NOT NULL,
  `state` varchar(15) NOT NULL,
  `uid` int(11) NOT NULL COMMENT '外键，关联 user_info(id)',
  `icon_url` varchar(128) NOT NULL COMMENT '头像的url地址',
  `name` varchar(9) NOT NULL COMMENT '姓名',
  `faculty` varchar(12) NOT NULL COMMENT '院系id',
  `major` varchar(12) NOT NULL COMMENT '专业id',
  `job` varchar(16) NOT NULL COMMENT '现在工作[可修改]',
  `gender` tinyint(1) NOT NULL COMMENT '性别',
  `publicity_level` tinyint(1) NOT NULL DEFAULT '0' COMMENT 'bool类型，设置能否被模糊搜索匹配到',
  `admission_year` smallint(4) NOT NULL COMMENT '入学年份',
  `city` varchar(11) NOT NULL,
  PRIMARY KEY (`list_id`),
  KEY `uid` (`uid`)
) ENGINE=InnoDB  DEFAULT CHARSET=utf8 AUTO_INCREMENT=159 ;

--
-- 转存表中的数据 `ac_user_list_info`
--

INSERT INTO `ac_user_list_info` (`list_id`, `country`, `state`, `uid`, `icon_url`, `name`, `faculty`, `major`, `job`, `gender`, `publicity_level`, `admission_year`, `city`) VALUES
(1, '', '', 1, 'default', '陈雄辉', '71', '1', 'worker96', 0, 0, 2014, '321'),
(2, '', '', 2, 'default', '陈雄辉', '71', '1', 'student', 0, 0, 2014, '123'),
(3, '', '', 3, 'default', '陈雄辉', '71', '1', 'student', 0, 0, 2014, '123'),
(4, '', '', 4, 'default', '陈雄辉', '71', '1', 'student', 0, 0, 2014, '123'),
(5, '', '', 5, 'default', '陈雄辉', '71', '1', 'worker104', 0, 0, 2014, '321'),
(6, '', '', 6, 'default', '陈雄辉', '71', '1', 'student', 0, 0, 2014, '123'),
(7, '', '', 7, 'default', '陈雄辉', '71', '1', 'student', 0, 0, 2014, '123'),
(8, '', '', 8, 'default', '陈雄辉', '71', '1', 'student', 0, 0, 2014, '123'),
(9, '', '', 9, 'default', '陈雄辉', '71', '1', 'student', 0, 0, 2014, '123'),
(10, '', '', 10, 'default', '陈雄辉', '71', '1', 'student', 0, 0, 2014, '123'),
(11, '', '', 11, 'default', '陈雄辉', '71', '1', 'student', 0, 0, 2014, '123'),
(12, '', '', 12, 'default', '陈雄辉', '71', '1', 'student', 0, 0, 2014, '123'),
(13, '', '', 13, 'default', '陈雄辉', '71', '1', 'student', 0, 0, 2014, '123'),
(14, '', '', 14, 'default', '陈雄辉', '71', '1', 'worker', 0, 0, 2014, '123'),
(15, '', '', 15, 'default', '陈雄辉', '71', '1', 'student', 0, 0, 2014, '123'),
(16, '', '', 16, 'default', '陈雄辉', '71', '1', 'student', 0, 0, 2014, '123'),
(17, '', '', 17, 'default', '陈雄辉', '71', '1', 'student', 0, 0, 2014, '123'),
(18, '', '', 18, 'default', '陈雄辉', '71', '1', 'student', 0, 0, 2014, '123'),
(19, '', '', 19, 'default', '陈雄辉', '71', '1', 'student', 0, 0, 2014, '123'),
(20, '', '', 20, 'default', '陈雄辉', '71', '1', 'student', 0, 0, 2014, '123'),
(21, '', '', 21, 'default', '陈雄辉', '71', '1', 'student', 0, 0, 2014, '123'),
(22, '', '', 22, 'default', '陈雄辉', '71', '1', 'student', 0, 0, 2014, '123'),
(23, '', '', 23, 'default', '陈雄辉', '71', '1', 'student', 0, 0, 2014, '123'),
(24, '', '', 24, 'default', '陈雄辉', '71', '1', 'student', 0, 0, 2014, '123'),
(25, '', '', 25, 'default', '陈雄辉', '71', '1', 'student', 0, 0, 2014, '123'),
(26, '', '', 26, 'default', '陈雄辉', '71', '1', 'student', 0, 0, 2014, '123'),
(27, '', '', 27, 'default', '陈雄辉', '71', '1', 'student', 0, 0, 2014, '123'),
(28, '', '', 28, 'default', '陈雄辉', '71', '1', 'student', 0, 0, 2014, '123'),
(29, '', '', 29, 'default', '陈雄辉', '71', '1', 'student', 0, 0, 2014, '123'),
(30, '', '', 30, 'default', '陈雄辉', '71', '1', 'student', 0, 0, 2014, '123'),
(31, '', '', 31, 'default', '陈雄辉', '71', '1', 'student', 0, 0, 2014, '123'),
(32, '', '', 32, 'default', '陈雄辉', '71', '1', 'student', 0, 0, 2014, '123'),
(33, '', '', 33, 'default', '陈雄辉', '71', '1', 'student', 0, 0, 2014, '123'),
(34, '', '', 34, 'default', '陈雄辉', '71', '1', 'student', 0, 0, 2014, '123'),
(35, '', '', 35, 'default', '陈雄辉', '71', '1', 'student', 0, 0, 2014, '123'),
(36, '', '', 36, 'default', '陈雄辉', '71', '1', 'student', 0, 0, 2014, '123'),
(37, '', '', 37, 'default', '陈雄辉', '71', '1', 'student', 0, 0, 2014, '123'),
(38, '', '', 38, 'default', '陈雄辉', '71', '1', 'student', 0, 0, 2014, '123'),
(39, '', '', 39, 'default', '陈雄辉', '71', '1', 'student', 0, 0, 2014, '123'),
(40, '', '', 40, 'default', '陈雄辉', '71', '1', 'student', 0, 0, 2014, '123'),
(41, '', '', 41, 'default', '陈雄辉', '71', '1', 'student', 0, 0, 2014, '123'),
(42, '', '', 42, 'default', '陈雄辉', '71', '1', 'student', 0, 0, 2014, '123'),
(43, '', '', 43, 'default', '陈雄辉', '71', '1', 'student', 0, 0, 2014, '123'),
(44, '', '', 44, 'default', '陈雄辉', '71', '1', 'student', 0, 0, 2014, '123'),
(45, '', '', 45, 'default', '陈雄辉', '71', '1', 'student', 0, 0, 2014, '123'),
(46, '', '', 46, 'default', '陈雄辉', '71', '1', 'student', 0, 0, 2014, '123'),
(47, '', '', 47, 'default', '陈雄辉', '71', '1', 'student', 0, 0, 2014, '123'),
(48, '', '', 48, 'default', '陈雄辉', '71', '1', 'student', 0, 0, 2014, '123'),
(49, '', '', 49, 'default', '陈雄辉', '71', '1', 'student', 0, 0, 2014, '123'),
(50, '', '', 50, 'default', '陈雄辉', '71', '1', 'student', 0, 0, 2014, '123'),
(51, '', '', 51, 'default', '陈雄辉', '71', '1', 'student', 0, 0, 2014, '123'),
(52, '', '', 52, 'default', '陈雄辉', '71', '1', 'student', 0, 0, 2014, '123'),
(53, '', '', 53, 'default', '陈雄辉', '71', '1', 'student', 0, 0, 2014, '123'),
(54, '', '', 54, 'default', '陈雄辉', '71', '1', 'student', 0, 0, 2014, '123'),
(55, '中国', '江苏', 60, 'default', '陈雄辉', '金融', '经济管理', 'student', 0, 0, 2014, '南京'),
(56, '中国', '江苏', 61, 'default', '陈雄辉', '金融', '经济管理', 'student', 0, 0, 2014, '南京'),
(57, '中国', '江苏', 62, 'default', '陈雄辉', '金融', '经济管理', 'student', 0, 0, 2014, '南京'),
(58, '中国', '江苏', 63, 'default', '陈雄辉', '金融', '经济管理', 'student', 0, 0, 2014, '南京'),
(59, '中国', '江苏', 64, 'default', '陈雄辉', '金融', '经济管理', 'student', 0, 0, 2014, '南京'),
(60, '中国', '江苏', 65, 'default', '陈雄辉', '金融', '经济管理', 'student', 0, 0, 2014, '南京'),
(61, '中国', '江苏', 66, 'default', '陈雄辉', '金融', '经济管理', 'student', 0, 0, 2014, '南京'),
(62, '中国', '江苏', 67, 'default', '陈雄辉', '金融', '经济管理', 'student', 0, 0, 2014, '南京'),
(63, '中国', '江苏', 68, 'default', '陈雄辉', '金融', '经济管理', 'student', 0, 0, 2014, '南京'),
(64, '中国', '江苏', 69, 'default', '陈雄辉', '金融', '经济管理', 'student', 0, 0, 2014, '南京'),
(65, '中国', '福建', 70, 'default', '陈雄辉', '金融', '经济管理', 'student', 0, 0, 2014, '漳州'),
(66, '中国', '福建', 71, 'default', '陈雄辉', '金融', '经济管理', 'student', 0, 0, 2014, '漳州'),
(67, '中国', '福建', 72, 'default', '陈雄辉', '金融', '经济管理', 'student', 0, 0, 2014, '漳州'),
(68, '中国', '福建', 73, 'default', '陈雄辉', '金融', '经济管理', 'student', 0, 0, 2014, '漳州'),
(69, '中国', '福建', 74, 'default', '陈雄辉', '金融', '经济管理', 'student', 0, 0, 2014, '漳州'),
(70, '中国', '福建', 75, 'default', '陈雄辉', '金融', '经济管理', 'student', 0, 0, 2014, '漳州'),
(71, '中国', '福建', 76, 'default', '陈雄辉', '金融', '经济管理', 'student', 0, 0, 2014, '漳州'),
(72, '中国', '福建', 77, 'default', '陈雄辉', '金融', '经济管理', 'student', 0, 0, 2014, '漳州'),
(73, '中国', '福建', 78, 'default', '陈雄辉', '金融', '经济管理', 'student', 0, 0, 2014, '漳州'),
(74, '中国', '福建', 79, 'default', '陈雄辉', '金融', '经济管理', 'student', 0, 0, 2014, '漳州'),
(75, '中国', '福建', 80, 'default', '陈雄辉', '金融', '经济管理', 'student', 0, 0, 2014, '漳州'),
(76, '中国', '福建', 81, 'default', '陈雄辉', '金融', '经济管理', 'student', 0, 0, 2014, '漳州'),
(77, '中国', '福建', 82, 'default', '陈雄辉', '金融', '经济管理', 'student', 0, 0, 2014, '漳州'),
(78, '中国', '福建', 83, 'default', '陈雄辉', '金融', '经济管理', 'student', 0, 0, 2014, '漳州'),
(79, '中国', '福建', 84, 'default', '陈雄辉', '金融', '经济管理', 'student', 0, 0, 2014, '漳州'),
(80, '中国', '福建', 85, 'default', '陈雄辉', '金融', '经济管理', 'student', 0, 0, 2014, '漳州'),
(81, '中国', '福建', 86, 'default', '陈雄辉', '金融', '经济管理', 'student', 0, 0, 2014, '漳州'),
(82, '中国', '江苏省', 87, 'default', 'SherylHan', '软件学院', '软件工程', 'student', 0, 0, 2014, '南京'),
(83, '中国', '江苏省', 88, 'default', 'SherylHan', '软件学院', '软件工程', 'student', 0, 0, 2014, '南京'),
(84, '中国', '江苏省', 89, 'default', '韩雪滢', '软件学院', '软件工程', 'student', 0, 0, 2014, '南京'),
(85, '中国', '福建', 90, 'default', '陈雄辉', '金融', '经济管理', 'student', 0, 0, 2014, '漳州'),
(86, '中国', '福建', 91, 'default', '陈雄辉', '金融', '经济管理', 'student', 0, 0, 2014, '漳州'),
(87, '中国', '福建', 92, 'default', '陈雄辉', '金融', '经济管理', 'student', 0, 0, 2014, '漳州'),
(88, '中国', '福建', 93, 'default', '陈雄辉', '金融', '经济管理', 'student', 0, 0, 2014, '漳州'),
(89, '中国', '福建', 94, 'default', '陈雄辉', '金融', '经济管理', 'student', 0, 0, 2014, '漳州'),
(90, '中国', '福建', 95, 'default', '陈雄辉', '金融', '经济管理', 'student', 0, 0, 2014, '漳州'),
(91, '中国', '福建', 96, 'default', '陈雄辉', '金融', '经济管理', 'student', 0, 0, 2014, '漳州'),
(92, '中国', '福建', 97, 'default', '陈雄辉', '金融', '经济管理', 'student', 0, 0, 2014, '漳州'),
(93, '中国', '福建', 98, 'default', '陈雄辉', '金融', '经济管理', 'student', 0, 0, 2014, '漳州'),
(94, '中国', '江苏省', 99, 'default', '韩雪滢', '软件学院', '软件工程', 'student', 0, 0, 2014, '南京'),
(95, '中国', '福建', 100, 'default', '陈雄辉', '金融', '经济管理', 'student', 0, 0, 2014, '漳州'),
(96, '中国', '福建', 101, 'default', '陈雄辉', '金融', '经济管理', 'student', 0, 0, 2014, '漳州'),
(97, '中国', '福建', 102, 'default', '陈雄辉', '金融', '经济管理', 'student', 0, 0, 2014, '漳州'),
(98, '中国', '福建', 103, 'default', '陈雄辉', '金融', '经济管理', 'student', 0, 0, 2014, '漳州'),
(99, '中国', '福建', 104, 'default', '陈雄辉', '金融', '经济管理', 'student', 0, 0, 2014, '漳州'),
(100, '中国', '福建', 105, 'default', '陈雄辉', '金融', '经济管理', 'student', 0, 0, 2014, '漳州'),
(101, '中国', '福建', 106, 'default', '陈雄辉', '金融', '经济管理', 'student', 0, 0, 2014, '漳州'),
(102, '中国', '福建', 107, 'default', '陈雄辉', '金融', '经济管理', 'student', 0, 0, 2014, '漳州'),
(103, '中国', '福建', 108, 'default', '陈雄辉', '金融', '经济管理', 'student', 0, 0, 2014, '漳州'),
(104, '中国', '福建', 109, 'default', '陈雄辉', '金融', '经济管理', 'student', 0, 0, 2014, '漳州'),
(105, '中国', '福建', 110, 'default', '陈雄辉', '金融', '经济管理', 'student', 0, 0, 2014, '漳州'),
(106, '中国', '福建', 111, 'default', '陈雄辉', '金融', '经济管理', 'student', 0, 0, 2014, '漳州'),
(107, '中国', '福建', 112, 'default', '陈雄辉', '金融', '经济管理', 'student', 0, 0, 2014, '漳州'),
(108, '中国', '福建', 113, 'default', '陈雄辉', '金融', '经济管理', 'student', 0, 0, 2014, '漳州'),
(109, '中国', '福建', 114, 'default', '陈雄辉', '金融', '经济管理', 'student', 0, 0, 2014, '漳州'),
(110, '中国', '福建', 115, 'default', '陈雄辉', '金融', '经济管理', 'student', 0, 0, 2014, '漳州'),
(111, '中国', '福建', 116, 'default', '陈雄辉', '金融', '经济管理', 'student', 0, 0, 2014, '漳州'),
(112, '中国', '福建', 117, 'default', '陈雄辉', '金融', '经济管理', 'student', 0, 0, 2014, '漳州'),
(113, '中国', '福建', 118, 'default', '陈雄辉', '金融', '经济管理', 'student', 0, 0, 2014, '漳州'),
(114, '中国', '福建', 119, 'default', '陈雄辉', '金融', '经济管理', 'student', 0, 0, 2014, '漳州'),
(115, '中国', '福建', 120, 'default', '陈雄辉', '金融', '经济管理', 'student', 0, 0, 2014, '漳州'),
(116, '中国', '福建', 121, 'default', '陈雄辉', '金融', '经济管理', 'student', 0, 0, 2014, '漳州'),
(117, '中国', '福建', 122, 'default', '陈雄辉', '金融', '经济管理', 'student', 0, 0, 2014, '漳州'),
(118, '中国', '福建', 123, 'default', '陈雄辉', '金融', '经济管理', 'student', 0, 0, 2014, '漳州'),
(119, '中国', '福建', 124, 'default', '陈雄辉', '金融', '经济管理', 'student', 0, 0, 2014, '漳州'),
(120, '中国', '福建', 125, 'default', '陈雄辉', '金融', '经济管理', 'student', 0, 0, 2014, '漳州'),
(121, '中国', '福建', 126, 'default', '陈雄辉', '金融', '经济管理', 'student', 0, 0, 2014, '漳州'),
(122, '中国', '福建', 127, 'default', '陈雄辉', '金融', '经济管理', 'student', 0, 0, 2014, '漳州'),
(123, '中国', '福建', 128, 'default', '陈雄辉', '金融', '经济管理', 'student', 0, 0, 2014, '漳州'),
(124, '中国', '福建', 129, 'default', '陈雄辉', '金融', '经济管理', 'student', 0, 0, 2014, '漳州'),
(125, '中国', '福建', 130, 'default', '陈雄辉', '金融', '经济管理', 'student', 0, 0, 2014, '漳州'),
(126, '中国', '福建', 131, 'default', '陈雄辉', '金融', '经济管理', 'student', 0, 0, 2014, '漳州'),
(127, '中国', '福建', 132, 'default', '陈雄辉', '金融', '经济管理', 'student', 0, 0, 2014, '漳州'),
(128, '中国', '福建', 133, 'default', '陈雄辉', '金融', '经济管理', 'student', 0, 0, 2014, '漳州'),
(129, '中国', '福建', 134, 'default', '陈雄辉', '金融', '经济管理', 'student', 0, 0, 2014, '漳州'),
(130, '中国', '福建', 135, 'default', '陈雄辉', '金融', '经济管理', 'student', 0, 0, 2014, '漳州'),
(131, '中国', '福建', 136, 'default', '陈雄辉', '金融', '经济管理', 'student', 0, 0, 2014, '漳州'),
(132, '中国', '福建', 137, 'default', '陈雄辉', '金融', '经济管理', 'student', 0, 0, 2014, '漳州'),
(133, '中国', '福建', 138, 'default', '陈雄辉', '金融', '经济管理', 'student', 0, 0, 2014, '漳州'),
(134, '中国', '福建', 139, 'default', '陈雄辉', '金融', '经济管理', 'student', 0, 0, 2014, '漳州'),
(135, '中国', '福建', 140, 'default', '陈雄辉', '金融', '经济管理', 'student', 0, 0, 2014, '漳州'),
(136, '中国', '福建', 141, 'default', '陈雄辉', '金融', '经济管理', 'student', 0, 0, 2014, '漳州'),
(137, '中国', '福建', 142, 'default', '陈雄辉', '金融', '经济管理', 'student', 0, 0, 2014, '漳州'),
(138, '中国', '福建', 143, 'default', '陈雄辉', '金融', '经济管理', 'student', 0, 0, 2014, '漳州'),
(139, '中国', '福建', 144, 'default', '陈雄辉', '金融', '经济管理', 'student', 0, 0, 2014, '漳州'),
(140, '中国', '福建', 145, 'default', '陈雄辉', '金融', '经济管理', 'student', 0, 0, 2014, '漳州'),
(141, '中国', '福建', 146, 'default', '陈雄辉', '金融', '经济管理', 'student', 0, 0, 2014, '漳州'),
(142, '中国', '福建', 147, 'default', '陈雄辉', '金融', '经济管理', 'student', 0, 0, 2014, '漳州'),
(143, '中国', '福建', 148, 'default', '陈雄辉', '金融', '经济管理', 'student', 0, 0, 2014, '漳州'),
(144, '中国', '福建', 149, 'default', '陈雄辉', '金融', '经济管理', 'student', 0, 0, 2014, '漳州'),
(145, '中国', '福建', 150, 'default', '陈雄辉', '金融', '经济管理', 'student', 0, 0, 2014, '漳州'),
(146, '中国', '福建', 151, 'default', '陈雄辉', '金融', '经济管理', 'student', 0, 0, 2014, '漳州'),
(147, '中国', '福建', 152, 'default', '陈雄辉', '金融', '经济管理', 'student', 0, 0, 2014, '漳州'),
(148, '中国', '福建', 153, 'default', '陈雄辉', '金融', '经济管理', 'student', 0, 0, 2014, '漳州'),
(149, '中国', '福建', 154, 'default', '陈雄辉', '金融', '经济管理', 'student', 0, 0, 2014, '漳州'),
(150, '中国', '福建', 155, 'default', '陈雄辉', '金融', '经济管理', 'student', 0, 0, 2014, '漳州'),
(151, '中国', '福建', 156, 'default', '陈雄辉', '金融', '经济管理', 'student', 0, 0, 2014, '漳州'),
(152, '中国', '北京', 157, 'default', '曾博晖', '信息科学与工程学院', '信息工程', 'hhh', 1, 0, 1952, '东城'),
(153, '中国', '福建', 158, 'default', '陈雄辉', '金融', '经济管理', 'student', 0, 0, 2014, '漳州'),
(154, '中国', '福建', 159, 'default', '陈雄辉', '金融', '经济管理', 'student', 0, 0, 2014, '漳州'),
(155, '中国', '福建', 160, 'default', '陈雄辉', '金融', '经济管理', 'student', 0, 0, 2014, '漳州'),
(156, '中国', '江苏', 161, 'default', '白洋', '建筑学院', '建筑学', 'student', 1, 0, 1952, '南京'),
(157, '中国', '江苏', 162, 'default', '超喜欢', '建筑学院', '建筑学', 'student', 1, 0, 1952, '南京'),
(158, '中国', '北京', 163, 'default', '刘总', '建筑学院', '建筑学', '首席执行官', 1, 0, 1966, '东城');

/*!40101 SET CHARACTER_SET_CLIENT=@OLD_CHARACTER_SET_CLIENT */;
/*!40101 SET CHARACTER_SET_RESULTS=@OLD_CHARACTER_SET_RESULTS */;
/*!40101 SET COLLATION_CONNECTION=@OLD_COLLATION_CONNECTION */;
